-- phpMyAdmin SQL Dump
-- version 5.2.1
-- https://www.phpmyadmin.net/
--
-- Hôte : localhost:8889
-- Généré le : ven. 18 avr. 2025 à 00:25
-- Version du serveur : 8.0.35
-- Version de PHP : 8.3.9

SET SQL_MODE = "NO_AUTO_VALUE_ON_ZERO";
START TRANSACTION;
SET time_zone = "+00:00";


/*!40101 SET @OLD_CHARACTER_SET_CLIENT=@@CHARACTER_SET_CLIENT */;
/*!40101 SET @OLD_CHARACTER_SET_RESULTS=@@CHARACTER_SET_RESULTS */;
/*!40101 SET @OLD_COLLATION_CONNECTION=@@COLLATION_CONNECTION */;
/*!40101 SET NAMES utf8mb4 */;

--
-- Base de données : `pause_wifi`
--

-- --------------------------------------------------------

--
-- Structure de la table `activity_logs`
--

CREATE TABLE `activity_logs` (
  `id` int NOT NULL,
  `user_id` int DEFAULT NULL,
  `action` varchar(50) NOT NULL,
  `details` text,
  `ip_address` varchar(45) DEFAULT NULL,
  `created_at` timestamp NULL DEFAULT CURRENT_TIMESTAMP
) ENGINE=InnoDB DEFAULT CHARSET=utf8mb4 COLLATE=utf8mb4_0900_ai_ci;

--
-- Déchargement des données de la table `activity_logs`
--

INSERT INTO `activity_logs` (`id`, `user_id`, `action`, `details`, `ip_address`, `created_at`) VALUES
(1, 1, 'registration', 'Nouvel utilisateur enregistré', '::1', '2025-04-15 11:18:50'),
(2, 1, 'logout', 'Déconnexion', '::1', '2025-04-15 11:19:10'),
(3, 1, 'login', 'Connexion réussie', '::1', '2025-04-15 11:24:44'),
(4, 1, 'favorite_added', 'Spot ajouté aux favoris ID: 35', '::1', '2025-04-15 12:02:05'),
(5, 1, 'favorite_removed', 'Spot retiré des favoris ID: 35', '::1', '2025-04-15 12:02:05'),
(6, 1, 'favorite_added', 'Spot ajouté aux favoris ID: 35', '::1', '2025-04-15 12:02:07'),
(7, 1, 'favorite_added', 'Spot ajouté aux favoris ID: 172', '::1', '2025-04-15 12:02:16'),
(8, 1, 'favorite_removed', 'Spot retiré des favoris ID: 172', '::1', '2025-04-15 12:02:16'),
(9, 1, 'favorite_added', 'Spot ajouté aux favoris ID: 172', '::1', '2025-04-15 12:02:16'),
(10, 1, 'favorite_removed', 'Spot retiré des favoris ID: 172', '::1', '2025-04-15 12:02:16'),
(11, 1, 'favorite_added', 'Spot ajouté aux favoris ID: 172', '::1', '2025-04-15 12:02:18'),
(12, 1, 'favorite_removed', 'Spot retiré des favoris ID: 35', '::1', '2025-04-15 12:03:44'),
(13, 1, 'favorite_added', 'Spot ajouté aux favoris ID: 35', '::1', '2025-04-15 12:03:49'),
(14, 1, 'favorite_removed', 'Spot retiré des favoris ID: 35', '::1', '2025-04-15 12:03:53'),
(15, 1, 'favorite_added', 'Spot ajouté aux favoris ID: 35', '::1', '2025-04-15 12:03:56'),
(16, 1, 'logout', 'Déconnexion', '::1', '2025-04-15 12:04:08'),
(17, 1, 'login', 'Connexion réussie', '::1', '2025-04-15 12:05:49'),
(18, 1, 'logout', 'Déconnexion', '::1', '2025-04-15 12:05:55'),
(19, 1, 'login', 'Connexion réussie', '::1', '2025-04-15 12:06:24'),
(20, 1, 'logout', 'Déconnexion', '::1', '2025-04-15 12:06:26'),
(21, 1, 'login', 'Connexion réussie', '::1', '2025-04-15 12:37:10'),
(22, 1, 'favorite_removed', 'Spot retiré des favoris ID: 35', '::1', '2025-04-15 12:37:16'),
(23, 1, 'favorite_added', 'Spot ajouté aux favoris ID: 269', '::1', '2025-04-15 12:37:20'),
(24, 1, 'favorite_removed', 'Spot retiré des favoris ID: 269', '::1', '2025-04-15 12:37:20'),
(25, 1, 'profile_updated', 'Profil mis à jour', '::1', '2025-04-15 12:48:35'),
(26, 1, 'profile_updated', 'Profil mis à jour', '::1', '2025-04-15 12:48:46'),
(27, 1, 'favorite_added', 'Spot ajouté aux favoris ID: 5', '::1', '2025-04-15 12:50:02'),
(28, 1, 'favorite_removed', 'Spot retiré des favoris ID: 5', '::1', '2025-04-15 12:50:02'),
(29, 1, 'favorite_added', 'Spot ajouté aux favoris ID: 5', '::1', '2025-04-15 12:50:04'),
(30, 1, 'favorite_added', 'Spot ajouté aux favoris ID: 45', '::1', '2025-04-15 12:50:07'),
(31, 1, 'favorite_added', 'Spot ajouté aux favoris ID: 64', '::1', '2025-04-15 12:50:10'),
(32, 1, 'favorite_removed', 'Spot retiré des favoris ID: 64', '::1', '2025-04-15 12:50:10'),
(33, 1, 'favorite_added', 'Spot ajouté aux favoris ID: 64', '::1', '2025-04-15 12:50:11'),
(34, 1, 'favorite_added', 'Spot ajouté aux favoris ID: 265', '::1', '2025-04-15 12:50:14'),
(35, 1, 'favorite_added', 'Spot ajouté aux favoris ID: 159', '::1', '2025-04-15 12:50:18'),
(36, 1, 'favorite_removed', 'Spot retiré des favoris ID: 172', '::1', '2025-04-15 12:50:32'),
(37, 1, 'favorite_removed', 'Spot retiré des favoris ID: 45', '::1', '2025-04-15 12:50:32'),
(38, 1, 'favorite_removed', 'Spot retiré des favoris ID: 5', '::1', '2025-04-15 12:50:33'),
(39, 1, 'favorite_removed', 'Spot retiré des favoris ID: 64', '::1', '2025-04-15 12:50:33'),
(40, 1, 'favorite_removed', 'Spot retiré des favoris ID: 265', '::1', '2025-04-15 12:50:34'),
(41, 1, 'favorite_removed', 'Spot retiré des favoris ID: 159', '::1', '2025-04-15 12:50:34'),
(42, 1, 'logout', 'Déconnexion', '::1', '2025-04-15 12:50:43'),
(43, 1, 'login', 'Connexion réussie', '::1', '2025-04-15 12:50:54'),
(44, 1, 'logout', 'Déconnexion', '::1', '2025-04-15 12:53:35'),
(45, 1, 'login', 'Connexion réussie', '::1', '2025-04-15 12:53:55'),
(46, 1, 'logout', 'Déconnexion', '::1', '2025-04-15 12:53:59'),
(47, 1, 'login', 'Connexion réussie', '::1', '2025-04-15 12:58:47'),
(48, 1, 'password_changed', 'Mot de passe changé', '::1', '2025-04-15 12:59:44'),
(49, 1, 'logout', 'Déconnexion', '::1', '2025-04-15 12:59:50'),
(50, 1, 'login_failed', 'Tentative de connexion échouée', '::1', '2025-04-15 12:59:58'),
(51, 1, 'login', 'Connexion réussie', '::1', '2025-04-15 13:00:08'),
(52, 1, 'favorite_added', 'Spot ajouté aux favoris ID: 41', '::1', '2025-04-15 13:02:31'),
(53, 1, 'logout', 'Déconnexion', '::1', '2025-04-15 13:02:43'),
(54, 1, 'password_reset_request', 'Demande de réinitialisation envoyée', '::1', '2025-04-15 14:10:13'),
(55, 1, 'login', 'Connexion réussie', '::1', '2025-04-15 14:21:26'),
(56, 1, 'logout', 'Déconnexion', '::1', '2025-04-15 14:21:40'),
(57, 2, 'login', 'Connexion réussie', '::1', '2025-04-15 14:25:30'),
(58, 2, 'password_changed', 'Mot de passe changé', '::1', '2025-04-15 14:28:36'),
(59, 2, 'password_changed', 'Mot de passe changé', '::1', '2025-04-15 14:29:25'),
(60, 2, 'logout', 'Déconnexion', '::1', '2025-04-15 14:36:17'),
(61, 1, 'login', 'Connexion réussie', '::1', '2025-04-15 17:37:22'),
(62, 1, 'logout', 'Déconnexion', '::1', '2025-04-15 17:38:01'),
(63, 1, 'login', 'Connexion réussie', '::1', '2025-04-15 17:48:35'),
(64, 1, 'password_changed', 'Mot de passe changé', '::1', '2025-04-15 17:49:37'),
(65, 1, 'logout', 'Déconnexion', '::1', '2025-04-15 18:05:09'),
(66, 2, 'login', 'Connexion réussie', '::1', '2025-04-15 18:05:36'),
(67, 2, 'logout', 'Déconnexion', '::1', '2025-04-15 18:07:46'),
(68, 2, 'login', 'Connexion réussie', '::1', '2025-04-15 18:08:01'),
(69, 2, 'logout', 'Déconnexion', '::1', '2025-04-15 18:08:26'),
(70, 1, 'login', 'Connexion réussie', '::1', '2025-04-15 19:28:12'),
(71, 1, 'profile_picture_updated', 'Photo de profil mise à jour', '::1', '2025-04-15 19:28:46'),
(72, 1, 'logout', 'Déconnexion', '::1', '2025-04-15 19:28:58'),
(73, 1, 'login_failed', 'Tentative de connexion échouée', '::1', '2025-04-15 19:29:07'),
(74, 1, 'login', 'Connexion réussie', '::1', '2025-04-15 19:29:19'),
(75, 1, 'logout', 'Déconnexion', '::1', '2025-04-15 22:01:02'),
(76, 1, 'login_failed', 'Tentative de connexion échouée', '::1', '2025-04-15 22:08:44'),
(77, 1, 'login_failed', 'Tentative de connexion échouée', '::1', '2025-04-15 22:08:54'),
(78, 1, 'login', 'Connexion réussie', '::1', '2025-04-15 22:09:05'),
(79, 1, 'logout', 'Déconnexion', '::1', '2025-04-15 22:15:25'),
(80, 1, 'password_reset_request', 'Demande de réinitialisation envoyée', '::1', '2025-04-15 22:15:54'),
(81, 1, 'login', 'Connexion réussie', '::1', '2025-04-15 22:16:11'),
(82, 1, 'logout', 'Déconnexion', '::1', '2025-04-15 22:21:22'),
(83, 1, 'login', 'Connexion réussie', '::1', '2025-04-15 22:21:34'),
(84, 1, 'logout', 'Déconnexion', '::1', '2025-04-15 22:24:51'),
(85, 1, 'login', 'Connexion réussie', '::1', '2025-04-15 22:25:04'),
(86, 1, 'favorite_added', 'Spot ajouté aux favoris ID: 35', '::1', '2025-04-15 22:25:13'),
(87, 1, 'favorite_removed', 'Spot retiré des favoris ID: 35', '::1', '2025-04-15 22:25:13'),
(88, 1, 'logout', 'Déconnexion', '::1', '2025-04-15 22:25:24'),
(89, 1, 'login', 'Connexion réussie', '::1', '2025-04-15 22:40:40'),
(90, 1, 'profile_picture_updated', 'Photo de profil mise à jour', '::1', '2025-04-15 23:06:41'),
(91, 1, 'profile_picture_updated', 'Photo de profil mise à jour', '::1', '2025-04-15 23:08:46'),
(92, 1, 'logout', 'Déconnexion', '::1', '2025-04-15 23:08:55'),
(93, 1, 'login', 'Connexion réussie', '::1', '2025-04-15 23:09:10'),
(94, 1, 'logout', 'Déconnexion', '::1', '2025-04-15 23:09:13'),
(95, 1, 'login', 'Connexion réussie', '::1', '2025-04-15 23:09:33'),
(96, 1, 'profile_picture_updated', 'Photo de profil mise à jour', '::1', '2025-04-15 23:10:23'),
(97, 1, 'logout', 'Déconnexion', '::1', '2025-04-15 23:17:47'),
(98, 1, 'login', 'Connexion réussie', '::1', '2025-04-15 23:19:21'),
(99, 1, 'profile_picture_updated', 'Photo de profil mise à jour', '::1', '2025-04-15 23:19:32'),
(100, 1, 'favorite_added', 'Spot ajouté aux favoris ID: 35', '::1', '2025-04-15 23:20:18'),
(101, 1, 'favorite_removed', 'Spot retiré des favoris ID: 35', '::1', '2025-04-15 23:20:18'),
(102, 1, 'favorite_added', 'Spot ajouté aux favoris ID: 35', '::1', '2025-04-15 23:20:19'),
(103, 1, 'favorite_removed', 'Spot retiré des favoris ID: 35', '::1', '2025-04-15 23:20:19'),
(104, 1, 'favorite_added', 'Spot ajouté aux favoris ID: 35', '::1', '2025-04-15 23:29:05'),
(105, 1, 'favorite_removed', 'Spot retiré des favoris ID: 35', '::1', '2025-04-15 23:29:18'),
(106, 1, 'logout', 'Déconnexion', '::1', '2025-04-15 23:29:30'),
(107, 1, 'login', 'Connexion réussie', '::1', '2025-04-15 23:52:50'),
(108, 1, 'profile_picture_updated', 'Photo de profil mise à jour', '::1', '2025-04-16 00:01:38'),
(109, 1, 'logout', 'Déconnexion', '::1', '2025-04-16 00:04:29'),
(110, 1, 'password_reset_request', 'Demande de réinitialisation envoyée', '::1', '2025-04-16 00:16:10'),
(111, 1, 'password_reset_request', 'Demande de réinitialisation envoyée', '::1', '2025-04-16 00:19:33'),
(112, 1, 'login', 'Connexion réussie', '::1', '2025-04-16 12:04:04'),
(113, 1, 'profile_picture_updated', 'Photo de profil mise à jour', '::1', '2025-04-16 12:04:17'),
(114, 1, 'profile_picture_updated', 'Photo de profil mise à jour', '::1', '2025-04-16 12:06:21'),
(115, 1, 'profile_picture_updated', 'Photo de profil mise à jour', '::1', '2025-04-16 12:06:32'),
(116, 1, 'logout', 'Déconnexion', '::1', '2025-04-16 13:53:59'),
(117, 1, 'login', 'Connexion réussie', '::1', '2025-04-16 14:25:59'),
(118, 1, 'favorite_added', 'Spot ajouté aux favoris ID: 37', '::1', '2025-04-16 14:26:05'),
(119, 1, 'favorite_removed', 'Spot retiré des favoris ID: 37', '::1', '2025-04-16 14:26:07'),
(120, 1, 'favorite_added', 'Spot ajouté aux favoris ID: 47', '::1', '2025-04-16 14:26:08'),
(121, 1, 'favorite_removed', 'Spot retiré des favoris ID: 47', '::1', '2025-04-16 14:26:08'),
(122, 1, 'favorite_added', 'Spot ajouté aux favoris ID: 172', '::1', '2025-04-16 14:26:11'),
(123, 1, 'favorite_removed', 'Spot retiré des favoris ID: 172', '::1', '2025-04-16 14:26:11'),
(124, 1, 'favorite_added', 'Spot ajouté aux favoris ID: 172', '::1', '2025-04-16 14:26:12'),
(125, 1, 'favorite_removed', 'Spot retiré des favoris ID: 172', '::1', '2025-04-16 14:26:12'),
(126, 1, 'favorite_added', 'Spot ajouté aux favoris ID: 39', '::1', '2025-04-16 14:28:06'),
(127, 1, 'favorite_removed', 'Spot retiré des favoris ID: 39', '::1', '2025-04-16 14:28:07'),
(128, 1, 'favorite_added', 'Spot ajouté aux favoris ID: 39', '::1', '2025-04-16 14:28:37'),
(129, 1, 'favorite_removed', 'Spot retiré des favoris ID: 39', '::1', '2025-04-16 14:28:38'),
(130, 1, 'favorite_added', 'Spot ajouté aux favoris ID: 39', '::1', '2025-04-16 14:29:58'),
(131, 1, 'favorite_removed', 'Spot retiré des favoris ID: 39', '::1', '2025-04-16 14:29:59'),
(132, 1, 'favorite_added', 'Spot ajouté aux favoris ID: 28', '::1', '2025-04-16 14:30:08'),
(133, 1, 'favorite_removed', 'Spot retiré des favoris ID: 28', '::1', '2025-04-16 14:30:08'),
(134, 1, 'favorite_added', 'Spot ajouté aux favoris ID: 172', '::1', '2025-04-16 14:30:15'),
(135, 1, 'favorite_removed', 'Spot retiré des favoris ID: 172', '::1', '2025-04-16 14:30:15'),
(136, 1, 'favorite_added', 'Spot ajouté aux favoris ID: 172', '::1', '2025-04-16 14:30:17'),
(137, 1, 'favorite_removed', 'Spot retiré des favoris ID: 172', '::1', '2025-04-16 14:30:17'),
(138, 1, 'favorite_added', 'Spot ajouté aux favoris ID: 172', '::1', '2025-04-16 14:30:17'),
(139, 1, 'favorite_removed', 'Spot retiré des favoris ID: 172', '::1', '2025-04-16 14:30:17'),
(140, 1, 'favorite_added', 'Spot ajouté aux favoris ID: 172', '::1', '2025-04-16 14:30:17'),
(141, 1, 'favorite_removed', 'Spot retiré des favoris ID: 172', '::1', '2025-04-16 14:30:17'),
(142, 1, 'favorite_added', 'Spot ajouté aux favoris ID: 172', '::1', '2025-04-16 14:30:20'),
(143, 1, 'favorite_removed', 'Spot retiré des favoris ID: 172', '::1', '2025-04-16 14:30:20'),
(144, 1, 'favorite_added', 'Spot ajouté aux favoris ID: 172', '::1', '2025-04-16 14:30:21'),
(145, 1, 'favorite_removed', 'Spot retiré des favoris ID: 172', '::1', '2025-04-16 14:30:21'),
(146, 1, 'favorite_added', 'Spot ajouté aux favoris ID: 172', '::1', '2025-04-16 14:30:21'),
(147, 1, 'favorite_removed', 'Spot retiré des favoris ID: 172', '::1', '2025-04-16 14:30:21'),
(148, 1, 'favorite_added', 'Spot ajouté aux favoris ID: 31', '::1', '2025-04-16 14:49:03'),
(149, 1, 'favorite_removed', 'Spot retiré des favoris ID: 31', '::1', '2025-04-16 14:49:04'),
(150, 1, 'favorite_added', 'Spot ajouté aux favoris ID: 31', '::1', '2025-04-16 14:49:06'),
(151, 1, 'favorite_added', 'Spot ajouté aux favoris ID: 172', '::1', '2025-04-16 14:49:13'),
(152, 1, 'favorite_removed', 'Spot retiré des favoris ID: 172', '::1', '2025-04-16 14:49:13'),
(153, 1, 'favorite_added', 'Spot ajouté aux favoris ID: 172', '::1', '2025-04-16 14:49:14'),
(154, 1, 'favorite_removed', 'Spot retiré des favoris ID: 172', '::1', '2025-04-16 14:49:14'),
(155, 1, 'favorite_added', 'Spot ajouté aux favoris ID: 307', '::1', '2025-04-16 14:49:21'),
(156, 1, 'favorite_added', 'Spot ajouté aux favoris ID: 172', '::1', '2025-04-16 14:49:23'),
(157, 1, 'favorite_removed', 'Spot retiré des favoris ID: 172', '::1', '2025-04-16 14:49:23'),
(158, 1, 'favorite_added', 'Spot ajouté aux favoris ID: 172', '::1', '2025-04-16 14:49:25'),
(159, 1, 'favorite_removed', 'Spot retiré des favoris ID: 172', '::1', '2025-04-16 14:49:25'),
(160, 1, 'favorite_added', 'Spot ajouté aux favoris ID: 172', '::1', '2025-04-16 14:49:25'),
(161, 1, 'favorite_removed', 'Spot retiré des favoris ID: 172', '::1', '2025-04-16 14:49:25'),
(162, 1, 'favorite_added', 'Spot ajouté aux favoris ID: 172', '::1', '2025-04-16 14:49:26'),
(163, 1, 'favorite_removed', 'Spot retiré des favoris ID: 172', '::1', '2025-04-16 14:49:26'),
(164, 1, 'favorite_added', 'Spot ajouté aux favoris ID: 172', '::1', '2025-04-16 14:49:27'),
(165, 1, 'favorite_removed', 'Spot retiré des favoris ID: 172', '::1', '2025-04-16 14:49:27'),
(166, 1, 'logout', 'Déconnexion', '::1', '2025-04-16 14:51:52'),
(167, 1, 'login_failed', 'Tentative de connexion échouée', '::1', '2025-04-16 15:02:04'),
(168, 1, 'login', 'Connexion réussie', '::1', '2025-04-16 15:02:13'),
(169, 1, 'logout', 'Déconnexion', '::1', '2025-04-16 15:02:32'),
(170, 1, 'login', 'Connexion réussie', '::1', '2025-04-16 15:20:59'),
(171, 1, 'favorite_added', 'Spot ajouté aux favoris ID: 26', '::1', '2025-04-16 15:21:09'),
(172, 1, 'favorite_added', 'Spot ajouté aux favoris ID: 34', '::1', '2025-04-16 15:21:11'),
(173, 1, 'logout', 'Déconnexion', '::1', '2025-04-16 15:22:29'),
(174, 1, 'login', 'Connexion réussie', '::1', '2025-04-16 15:37:10'),
(175, 1, 'profile_picture_updated', 'Photo de profil mise à jour', '::1', '2025-04-16 15:38:10'),
(176, 1, 'favorite_added', 'Spot ajouté aux favoris ID: 30', '::1', '2025-04-16 15:42:31'),
(177, 1, 'favorite_removed', 'Spot retiré des favoris ID: 30', '::1', '2025-04-16 15:42:32'),
(178, 1, 'favorite_added', 'Spot ajouté aux favoris ID: 172', '::1', '2025-04-16 15:42:50'),
(179, 1, 'favorite_removed', 'Spot retiré des favoris ID: 172', '::1', '2025-04-16 15:42:50'),
(180, 1, 'favorite_added', 'Spot ajouté aux favoris ID: 46', '::1', '2025-04-16 15:42:53'),
(181, 1, 'favorite_added', 'Spot ajouté aux favoris ID: 28', '::1', '2025-04-16 15:43:30'),
(182, 1, 'favorite_removed', 'Spot retiré des favoris ID: 28', '::1', '2025-04-16 15:43:31'),
(183, 1, 'favorite_removed', 'Spot retiré des favoris ID: 41', '::1', '2025-04-16 15:44:03'),
(184, 1, 'favorite_added', 'Spot ajouté aux favoris ID: 36', '::1', '2025-04-16 15:45:21'),
(185, 1, 'favorite_removed', 'Spot retiré des favoris ID: 36', '::1', '2025-04-16 15:45:22'),
(186, 1, 'logout', 'Déconnexion', '::1', '2025-04-16 16:05:25'),
(187, 1, 'login_failed', 'Tentative de connexion échouée', '::1', '2025-04-16 16:07:22'),
(188, 1, 'login', 'Connexion réussie', '::1', '2025-04-16 16:07:28'),
(189, 1, 'logout', 'Déconnexion', '::1', '2025-04-16 16:08:11'),
(190, 1, 'login', 'Connexion réussie', '::1', '2025-04-16 17:34:17'),
(191, 1, 'logout', 'Déconnexion', '::1', '2025-04-16 17:51:49'),
(192, 1, 'login', 'Connexion réussie', '::1', '2025-04-16 18:34:25'),
(193, 1, 'favorite_added', 'Spot ajouté aux favoris ID: 172', '::1', '2025-04-16 18:34:32'),
(194, 1, 'favorite_removed', 'Spot retiré des favoris ID: 172', '::1', '2025-04-16 18:34:33'),
(195, 1, 'favorite_added', 'Spot ajouté aux favoris ID: 269', '::1', '2025-04-16 18:34:34'),
(196, 1, 'favorite_removed', 'Spot retiré des favoris ID: 269', '::1', '2025-04-16 18:34:35'),
(197, 1, 'favorite_added', 'Spot ajouté aux favoris ID: 35', '::1', '2025-04-16 18:34:36'),
(198, 1, 'favorite_removed', 'Spot retiré des favoris ID: 35', '::1', '2025-04-16 18:34:37'),
(199, 1, 'favorite_added', 'Spot ajouté aux favoris ID: 35', '::1', '2025-04-16 18:34:47'),
(200, 1, 'favorite_removed', 'Spot retiré des favoris ID: 35', '::1', '2025-04-16 18:34:47'),
(201, 1, 'favorite_added', 'Spot ajouté aux favoris ID: 172', '::1', '2025-04-16 18:34:49'),
(202, 1, 'favorite_removed', 'Spot retiré des favoris ID: 172', '::1', '2025-04-16 18:34:49'),
(203, 1, 'favorite_added', 'Spot ajouté aux favoris ID: 172', '::1', '2025-04-16 19:03:33'),
(204, 1, 'favorite_removed', 'Spot retiré des favoris ID: 172', '::1', '2025-04-16 19:19:42'),
(205, 1, 'favorite_added', 'Spot ajouté aux favoris ID: 172', '::1', '2025-04-16 19:19:43'),
(206, 1, 'favorite_removed', 'Spot retiré des favoris ID: 172', '::1', '2025-04-16 19:21:04'),
(207, 1, 'favorite_added', 'Spot ajouté aux favoris ID: 172', '::1', '2025-04-16 19:21:05'),
(208, 1, 'favorite_removed', 'Spot retiré des favoris ID: 172', '::1', '2025-04-16 19:21:06'),
(209, 1, 'favorite_added', 'Spot ajouté aux favoris ID: 172', '::1', '2025-04-16 19:24:54'),
(210, 1, 'favorite_removed', 'Spot retiré des favoris ID: 172', '::1', '2025-04-16 19:24:54'),
(211, 1, 'favorite_added', 'Spot ajouté aux favoris ID: 172', '::1', '2025-04-16 19:26:01'),
(212, 1, 'favorite_added', 'Spot ajouté aux favoris ID: 47', '::1', '2025-04-16 19:26:12'),
(213, 1, 'favorite_removed', 'Spot retiré des favoris ID: 47', '::1', '2025-04-16 19:26:13'),
(214, 1, 'favorite_added', 'Spot ajouté aux favoris ID: 269', '::1', '2025-04-16 19:26:17'),
(215, 1, 'favorite_removed', 'Spot retiré des favoris ID: 269', '::1', '2025-04-16 19:27:20'),
(216, 1, 'favorite_added', 'Spot ajouté aux favoris ID: 269', '::1', '2025-04-16 19:27:20'),
(217, 1, 'favorite_added', 'Spot ajouté aux favoris ID: 35', '::1', '2025-04-16 19:36:58'),
(218, 1, 'favorite_removed', 'Spot retiré des favoris ID: 35', '::1', '2025-04-16 19:36:59'),
(219, 1, 'favorite_added', 'Spot ajouté aux favoris ID: 35', '::1', '2025-04-16 19:37:01'),
(220, 1, 'favorite_removed', 'Spot retiré des favoris ID: 35', '::1', '2025-04-16 19:37:04'),
(221, 1, 'logout', 'Déconnexion', '::1', '2025-04-16 19:50:31'),
(222, 1, 'login', 'Connexion réussie', '::1', '2025-04-16 20:09:29'),
(223, 1, 'favorite_removed', 'Spot retiré des favoris ID: 172', '::1', '2025-04-16 20:10:10'),
(224, 1, 'favorite_removed', 'Spot retiré des favoris ID: 269', '::1', '2025-04-16 20:10:13'),
(225, 1, 'favorite_added', 'Spot ajouté aux favoris ID: 269', '::1', '2025-04-16 20:10:14'),
(226, 1, 'favorite_added', 'Spot ajouté aux favoris ID: 172', '::1', '2025-04-16 20:23:31'),
(227, 1, 'favorite_removed', 'Spot retiré des favoris ID: 172', '::1', '2025-04-16 20:23:31'),
(228, 1, 'favorite_removed', 'Spot retiré des favoris ID: 46', '::1', '2025-04-16 20:23:58'),
(229, 1, 'favorite_added', 'Spot ajouté aux favoris ID: 46', '::1', '2025-04-16 20:23:58'),
(230, 1, 'favorite_added', 'Spot ajouté aux favoris ID: 35', '::1', '2025-04-16 20:24:06'),
(231, 1, 'favorite_removed', 'Spot retiré des favoris ID: 35', '::1', '2025-04-16 20:24:07'),
(232, 1, 'favorite_added', 'Spot ajouté aux favoris ID: 1', '::1', '2025-04-16 20:42:51'),
(233, 1, 'favorite_removed', 'Spot retiré des favoris ID: 1', '::1', '2025-04-16 20:42:52'),
(234, 1, 'logout', 'Déconnexion', '::1', '2025-04-16 20:54:52'),
(235, 1, 'login', 'Connexion réussie', '::1', '2025-04-16 21:05:05'),
(236, 1, 'favorite_added', 'Spot ajouté aux favoris ID: 48', '::1', '2025-04-16 21:13:15'),
(237, 1, 'favorite_removed', 'Spot retiré des favoris ID: 48', '::1', '2025-04-16 21:13:15'),
(238, 1, 'favorite_added', 'Spot ajouté aux favoris ID: 48', '::1', '2025-04-16 21:13:15'),
(239, 1, 'favorite_removed', 'Spot retiré des favoris ID: 48', '::1', '2025-04-16 21:13:15'),
(240, 1, 'favorite_added', 'Spot ajouté aux favoris ID: 48', '::1', '2025-04-16 21:13:15'),
(241, 1, 'favorite_removed', 'Spot retiré des favoris ID: 48', '::1', '2025-04-16 21:13:15'),
(242, 1, 'favorite_added', 'Spot ajouté aux favoris ID: 48', '::1', '2025-04-16 21:13:15'),
(243, 1, 'favorite_removed', 'Spot retiré des favoris ID: 48', '::1', '2025-04-16 21:13:15'),
(244, 1, 'favorite_added', 'Spot ajouté aux favoris ID: 48', '::1', '2025-04-16 21:13:16'),
(245, 1, 'favorite_removed', 'Spot retiré des favoris ID: 48', '::1', '2025-04-16 21:13:16'),
(246, 1, 'favorite_added', 'Spot ajouté aux favoris ID: 48', '::1', '2025-04-16 21:13:16'),
(247, 1, 'favorite_removed', 'Spot retiré des favoris ID: 48', '::1', '2025-04-16 21:13:16'),
(248, 1, 'favorite_added', 'Spot ajouté aux favoris ID: 48', '::1', '2025-04-16 21:13:16'),
(249, 1, 'favorite_removed', 'Spot retiré des favoris ID: 48', '::1', '2025-04-16 21:13:16'),
(250, 1, 'favorite_added', 'Spot ajouté aux favoris ID: 48', '::1', '2025-04-16 21:13:16'),
(251, 1, 'favorite_removed', 'Spot retiré des favoris ID: 48', '::1', '2025-04-16 21:13:16'),
(252, 1, 'favorite_added', 'Spot ajouté aux favoris ID: 57', '::1', '2025-04-16 21:13:18'),
(253, 1, 'favorite_removed', 'Spot retiré des favoris ID: 57', '::1', '2025-04-16 21:13:18'),
(254, 1, 'favorite_added', 'Spot ajouté aux favoris ID: 57', '::1', '2025-04-16 21:13:18'),
(255, 1, 'favorite_removed', 'Spot retiré des favoris ID: 57', '::1', '2025-04-16 21:13:18'),
(256, 1, 'favorite_added', 'Spot ajouté aux favoris ID: 57', '::1', '2025-04-16 21:13:18'),
(257, 1, 'favorite_removed', 'Spot retiré des favoris ID: 57', '::1', '2025-04-16 21:13:18'),
(258, 1, 'favorite_added', 'Spot ajouté aux favoris ID: 57', '::1', '2025-04-16 21:13:18'),
(259, 1, 'favorite_removed', 'Spot retiré des favoris ID: 57', '::1', '2025-04-16 21:13:18'),
(260, 1, 'favorite_added', 'Spot ajouté aux favoris ID: 48', '::1', '2025-04-16 21:28:49'),
(261, 1, 'favorite_removed', 'Spot retiré des favoris ID: 48', '::1', '2025-04-16 21:28:50'),
(262, 1, 'favorite_added', 'Spot ajouté aux favoris ID: 48', '::1', '2025-04-16 21:28:54'),
(263, 1, 'favorite_removed', 'Spot retiré des favoris ID: 48', '::1', '2025-04-16 21:28:57'),
(264, 1, 'favorite_added', 'Spot ajouté aux favoris ID: 57', '::1', '2025-04-16 21:28:58'),
(265, 1, 'favorite_removed', 'Spot retiré des favoris ID: 57', '::1', '2025-04-16 21:28:59'),
(266, 1, 'favorite_added', 'Spot ajouté aux favoris ID: 15', '::1', '2025-04-16 21:29:04'),
(267, 1, 'favorite_removed', 'Spot retiré des favoris ID: 15', '::1', '2025-04-16 21:29:04'),
(268, 1, 'favorite_added', 'Spot ajouté aux favoris ID: 15', '::1', '2025-04-16 21:29:05'),
(269, 1, 'favorite_removed', 'Spot retiré des favoris ID: 15', '::1', '2025-04-16 21:29:05'),
(270, 1, 'favorite_added', 'Spot ajouté aux favoris ID: 15', '::1', '2025-04-16 21:29:05'),
(271, 1, 'favorite_removed', 'Spot retiré des favoris ID: 15', '::1', '2025-04-16 21:29:05'),
(272, 1, 'favorite_added', 'Spot ajouté aux favoris ID: 15', '::1', '2025-04-16 21:29:07'),
(273, 1, 'favorite_removed', 'Spot retiré des favoris ID: 15', '::1', '2025-04-16 21:29:07'),
(274, 1, 'favorite_added', 'Spot ajouté aux favoris ID: 15', '::1', '2025-04-16 21:29:07'),
(275, 1, 'favorite_removed', 'Spot retiré des favoris ID: 15', '::1', '2025-04-16 21:29:08'),
(276, 1, 'favorite_added', 'Spot ajouté aux favoris ID: 15', '::1', '2025-04-16 21:29:08'),
(277, 1, 'favorite_removed', 'Spot retiré des favoris ID: 15', '::1', '2025-04-16 21:29:08'),
(278, 1, 'favorite_added', 'Spot ajouté aux favoris ID: 15', '::1', '2025-04-16 21:29:11'),
(279, 1, 'favorite_removed', 'Spot retiré des favoris ID: 15', '::1', '2025-04-16 21:29:11'),
(280, 1, 'favorite_added', 'Spot ajouté aux favoris ID: 15', '::1', '2025-04-16 21:29:11'),
(281, 1, 'favorite_removed', 'Spot retiré des favoris ID: 15', '::1', '2025-04-16 21:29:12'),
(282, 1, 'favorite_added', 'Spot ajouté aux favoris ID: 15', '::1', '2025-04-16 21:29:12'),
(283, 1, 'favorite_removed', 'Spot retiré des favoris ID: 15', '::1', '2025-04-16 21:29:12'),
(284, 1, 'favorite_added', 'Spot ajouté aux favoris ID: 35', '::1', '2025-04-16 21:29:15'),
(285, 1, 'favorite_removed', 'Spot retiré des favoris ID: 35', '::1', '2025-04-16 21:29:15'),
(286, 1, 'favorite_added', 'Spot ajouté aux favoris ID: 35', '::1', '2025-04-16 21:29:15'),
(287, 1, 'favorite_removed', 'Spot retiré des favoris ID: 35', '::1', '2025-04-16 21:29:15'),
(288, 1, 'favorite_added', 'Spot ajouté aux favoris ID: 35', '::1', '2025-04-16 21:29:15'),
(289, 1, 'favorite_removed', 'Spot retiré des favoris ID: 35', '::1', '2025-04-16 21:29:15'),
(290, 1, 'favorite_added', 'Spot ajouté aux favoris ID: 35', '::1', '2025-04-16 21:29:15'),
(291, 1, 'favorite_removed', 'Spot retiré des favoris ID: 35', '::1', '2025-04-16 21:29:15'),
(292, 1, 'favorite_added', 'Spot ajouté aux favoris ID: 35', '::1', '2025-04-16 21:29:17'),
(293, 1, 'favorite_removed', 'Spot retiré des favoris ID: 35', '::1', '2025-04-16 21:29:17'),
(294, 1, 'favorite_added', 'Spot ajouté aux favoris ID: 35', '::1', '2025-04-16 21:29:17'),
(295, 1, 'favorite_removed', 'Spot retiré des favoris ID: 35', '::1', '2025-04-16 21:29:17'),
(296, 1, 'favorite_added', 'Spot ajouté aux favoris ID: 35', '::1', '2025-04-16 21:29:17'),
(297, 1, 'favorite_removed', 'Spot retiré des favoris ID: 35', '::1', '2025-04-16 21:29:18'),
(298, 1, 'favorite_added', 'Spot ajouté aux favoris ID: 35', '::1', '2025-04-16 21:29:18'),
(299, 1, 'favorite_removed', 'Spot retiré des favoris ID: 35', '::1', '2025-04-16 21:29:18'),
(300, 1, 'favorite_added', 'Spot ajouté aux favoris ID: 35', '::1', '2025-04-16 21:29:18'),
(301, 1, 'favorite_removed', 'Spot retiré des favoris ID: 35', '::1', '2025-04-16 21:29:18'),
(302, 1, 'favorite_added', 'Spot ajouté aux favoris ID: 35', '::1', '2025-04-16 21:29:21'),
(303, 1, 'favorite_removed', 'Spot retiré des favoris ID: 35', '::1', '2025-04-16 21:29:25'),
(304, 1, 'favorite_added', 'Spot ajouté aux favoris ID: 27', '::1', '2025-04-16 21:29:26'),
(305, 1, 'favorite_added', 'Spot ajouté aux favoris ID: 35', '::1', '2025-04-16 21:29:35'),
(306, 1, 'favorite_removed', 'Spot retiré des favoris ID: 35', '::1', '2025-04-16 21:29:39'),
(307, 1, 'favorite_added', 'Spot ajouté aux favoris ID: 172', '::1', '2025-04-16 21:29:41'),
(308, 1, 'favorite_added', 'Spot ajouté aux favoris ID: 35', '::1', '2025-04-16 21:32:54'),
(309, 1, 'favorite_removed', 'Spot retiré des favoris ID: 35', '::1', '2025-04-16 21:32:55'),
(310, 1, 'favorite_added', 'Spot ajouté aux favoris ID: 8', '::1', '2025-04-16 21:36:40'),
(311, 1, 'favorite_removed', 'Spot retiré des favoris ID: 8', '::1', '2025-04-16 21:36:41'),
(312, 1, 'favorite_added', 'Spot ajouté aux favoris ID: 8', '::1', '2025-04-16 22:00:05'),
(313, 1, 'favorite_removed', 'Spot retiré des favoris ID: 8', '::1', '2025-04-16 22:00:06'),
(314, 1, 'favorite_added', 'Spot ajouté aux favoris ID: 8', '::1', '2025-04-16 22:00:10'),
(315, 1, 'favorite_removed', 'Spot retiré des favoris ID: 8', '::1', '2025-04-16 22:00:11'),
(316, 1, 'favorite_added', 'Spot ajouté aux favoris ID: 35', '::1', '2025-04-16 22:12:21'),
(317, 1, 'favorite_removed', 'Spot retiré des favoris ID: 35', '::1', '2025-04-16 22:12:22'),
(318, 1, 'favorite_removed', 'Spot retiré des favoris ID: 172', '::1', '2025-04-16 22:12:49'),
(319, 1, 'favorite_removed', 'Spot retiré des favoris ID: 34', '::1', '2025-04-16 22:12:52'),
(320, 1, 'favorite_removed', 'Spot retiré des favoris ID: 46', '::1', '2025-04-16 22:12:54'),
(321, 1, 'favorite_added', 'Spot ajouté aux favoris ID: 35', '::1', '2025-04-16 22:12:57'),
(322, 1, 'favorite_added', 'Spot ajouté aux favoris ID: 172', '::1', '2025-04-16 22:12:58'),
(323, 1, 'favorite_added', 'Spot ajouté aux favoris ID: 288', '::1', '2025-04-16 22:13:00'),
(324, 1, 'favorite_added', 'Spot ajouté aux favoris ID: 4', '::1', '2025-04-16 22:13:01'),
(325, 1, 'favorite_removed', 'Spot retiré des favoris ID: 31', '::1', '2025-04-16 22:13:40'),
(326, 1, 'favorite_removed', 'Spot retiré des favoris ID: 307', '::1', '2025-04-16 22:13:42'),
(327, 1, 'favorite_removed', 'Spot retiré des favoris ID: 26', '::1', '2025-04-16 22:13:43'),
(328, 1, 'favorite_removed', 'Spot retiré des favoris ID: 4', '::1', '2025-04-16 22:13:44'),
(329, 1, 'favorite_added', 'Spot ajouté aux favoris ID: 12', '::1', '2025-04-16 22:25:02'),
(330, 1, 'favorite_removed', 'Spot retiré des favoris ID: 12', '::1', '2025-04-16 22:25:02'),
(331, 1, 'favorite_added', 'Spot ajouté aux favoris ID: 12', '::1', '2025-04-16 22:25:02'),
(332, 1, 'favorite_added', 'Spot ajouté aux favoris ID: 14', '::1', '2025-04-16 22:25:05'),
(333, 1, 'favorite_removed', 'Spot retiré des favoris ID: 14', '::1', '2025-04-16 22:25:05'),
(334, 1, 'favorite_added', 'Spot ajouté aux favoris ID: 14', '::1', '2025-04-16 22:25:05'),
(335, 1, 'favorite_added', 'Spot ajouté aux favoris ID: 4', '::1', '2025-04-16 22:25:30'),
(336, 1, 'favorite_removed', 'Spot retiré des favoris ID: 4', '::1', '2025-04-16 22:25:30'),
(337, 1, 'favorite_added', 'Spot ajouté aux favoris ID: 4', '::1', '2025-04-16 22:25:30'),
(338, 1, 'favorite_removed', 'Spot retiré des favoris ID: 35', '::1', '2025-04-16 22:25:37'),
(339, 1, 'favorite_added', 'Spot ajouté aux favoris ID: 35', '::1', '2025-04-16 22:25:37'),
(340, 1, 'favorite_removed', 'Spot retiré des favoris ID: 35', '::1', '2025-04-16 22:25:37'),
(341, 1, 'favorite_added', 'Spot ajouté aux favoris ID: 35', '::1', '2025-04-16 22:25:37'),
(342, 1, 'favorite_removed', 'Spot retiré des favoris ID: 35', '::1', '2025-04-16 22:25:39'),
(343, 1, 'favorite_added', 'Spot ajouté aux favoris ID: 35', '::1', '2025-04-16 22:25:39'),
(344, 1, 'favorite_removed', 'Spot retiré des favoris ID: 35', '::1', '2025-04-16 22:25:39'),
(345, 1, 'favorite_added', 'Spot ajouté aux favoris ID: 35', '::1', '2025-04-16 22:25:39'),
(346, 1, 'favorite_removed', 'Spot retiré des favoris ID: 35', '::1', '2025-04-16 22:25:39'),
(347, 1, 'favorite_added', 'Spot ajouté aux favoris ID: 35', '::1', '2025-04-16 22:25:39'),
(348, 1, 'favorite_removed', 'Spot retiré des favoris ID: 35', '::1', '2025-04-16 22:25:40'),
(349, 1, 'favorite_added', 'Spot ajouté aux favoris ID: 35', '::1', '2025-04-16 22:25:40'),
(350, 1, 'favorite_removed', 'Spot retiré des favoris ID: 35', '::1', '2025-04-16 22:25:40'),
(351, 1, 'favorite_added', 'Spot ajouté aux favoris ID: 35', '::1', '2025-04-16 22:25:40'),
(352, 1, 'favorite_removed', 'Spot retiré des favoris ID: 35', '::1', '2025-04-16 22:25:40'),
(353, 1, 'favorite_added', 'Spot ajouté aux favoris ID: 35', '::1', '2025-04-16 22:25:40'),
(354, 1, 'favorite_removed', 'Spot retiré des favoris ID: 14', '::1', '2025-04-16 22:25:45'),
(355, 1, 'favorite_added', 'Spot ajouté aux favoris ID: 14', '::1', '2025-04-16 22:25:45'),
(356, 1, 'favorite_removed', 'Spot retiré des favoris ID: 14', '::1', '2025-04-16 22:25:45'),
(357, 1, 'favorite_added', 'Spot ajouté aux favoris ID: 14', '::1', '2025-04-16 22:25:45'),
(358, 1, 'favorite_removed', 'Spot retiré des favoris ID: 14', '::1', '2025-04-16 22:25:45'),
(359, 1, 'favorite_added', 'Spot ajouté aux favoris ID: 13', '::1', '2025-04-16 22:40:06'),
(360, 1, 'favorite_removed', 'Spot retiré des favoris ID: 13', '::1', '2025-04-16 22:40:07'),
(361, 1, 'favorite_added', 'Spot ajouté aux favoris ID: 14', '::1', '2025-04-16 22:40:11'),
(362, 1, 'favorite_removed', 'Spot retiré des favoris ID: 14', '::1', '2025-04-16 22:40:17'),
(363, 1, 'favorite_added', 'Spot ajouté aux favoris ID: 8', '::1', '2025-04-16 22:40:24'),
(364, 1, 'favorite_removed', 'Spot retiré des favoris ID: 8', '::1', '2025-04-16 22:40:25'),
(365, 1, 'favorite_removed', 'Spot retiré des favoris ID: 35', '::1', '2025-04-16 22:43:08'),
(366, 1, 'favorite_added', 'Spot ajouté aux favoris ID: 35', '::1', '2025-04-16 22:43:08'),
(367, 1, 'favorite_removed', 'Spot retiré des favoris ID: 35', '::1', '2025-04-16 22:43:09'),
(368, 1, 'favorite_added', 'Spot ajouté aux favoris ID: 35', '::1', '2025-04-16 22:43:10'),
(369, 1, 'favorite_added', 'Spot ajouté aux favoris ID: 45', '::1', '2025-04-16 22:43:15'),
(370, 1, 'favorite_removed', 'Spot retiré des favoris ID: 45', '::1', '2025-04-16 22:43:15'),
(371, 1, 'favorite_added', 'Spot ajouté aux favoris ID: 45', '::1', '2025-04-16 22:43:16'),
(372, 1, 'favorite_removed', 'Spot retiré des favoris ID: 45', '::1', '2025-04-16 22:43:16'),
(373, 1, 'favorite_added', 'Spot ajouté aux favoris ID: 45', '::1', '2025-04-16 22:54:43'),
(374, 1, 'favorite_removed', 'Spot retiré des favoris ID: 45', '::1', '2025-04-16 22:54:44'),
(375, 1, 'favorite_added', 'Spot ajouté aux favoris ID: 14', '::1', '2025-04-16 22:54:48'),
(376, 1, 'favorite_removed', 'Spot retiré des favoris ID: 14', '::1', '2025-04-16 22:54:48'),
(377, 1, 'favorite_added', 'Spot ajouté aux favoris ID: 14', '::1', '2025-04-16 22:54:49'),
(378, 1, 'favorite_removed', 'Spot retiré des favoris ID: 14', '::1', '2025-04-16 22:54:49'),
(379, 1, 'favorite_added', 'Spot ajouté aux favoris', '::1', '2025-04-16 23:05:45'),
(380, 1, 'favorite_removed', 'Spot retiré des favoris', '::1', '2025-04-16 23:05:47'),
(381, 1, 'favorite_added', 'Spot ajouté aux favoris', '::1', '2025-04-16 23:05:53'),
(382, 1, 'favorite_removed', 'Spot retiré des favoris', '::1', '2025-04-16 23:06:04'),
(383, 1, 'favorite_added', 'Spot ajouté aux favoris', '::1', '2025-04-16 23:06:04'),
(384, 1, 'favorite_removed', 'Spot retiré des favoris', '::1', '2025-04-16 23:10:19'),
(385, 1, 'favorite_added', 'Spot ajouté aux favoris', '::1', '2025-04-16 23:10:22'),
(386, 1, 'favorite_removed', 'Spot retiré des favoris', '::1', '2025-04-16 23:10:23'),
(387, 1, 'logout', 'Déconnexion', '::1', '2025-04-16 23:10:57'),
(388, 1, 'login', 'Connexion réussie', '::1', '2025-04-16 23:11:08'),
(389, 1, 'favorite_added', 'Spot ajouté aux favoris', '::1', '2025-04-16 23:12:32'),
(390, 1, 'favorite_removed', 'Spot retiré des favoris', '::1', '2025-04-16 23:12:33'),
(391, 1, 'favorite_added', 'Spot ajouté aux favoris', '::1', '2025-04-16 23:12:35'),
(392, 1, 'favorite_removed', 'Spot retiré des favoris', '::1', '2025-04-16 23:12:35'),
(393, 1, 'favorite_added', 'Spot ajouté aux favoris', '::1', '2025-04-16 23:25:37'),
(394, 1, 'favorite_removed', 'Spot retiré des favoris', '::1', '2025-04-16 23:25:38'),
(395, 1, 'favorite_added', 'Spot ajouté aux favoris', '::1', '2025-04-16 23:25:42'),
(396, 1, 'favorite_removed', 'Spot retiré des favoris', '::1', '2025-04-16 23:25:42'),
(397, 1, 'favorite_added', 'Spot ajouté aux favoris', '::1', '2025-04-16 23:25:47'),
(398, 1, 'favorite_removed', 'Spot retiré des favoris', '::1', '2025-04-16 23:25:47'),
(399, 1, 'favorite_added', 'Spot ajouté aux favoris', '::1', '2025-04-16 23:25:49'),
(400, 1, 'favorite_added', 'Spot ajouté aux favoris', '::1', '2025-04-16 23:25:53'),
(401, 1, 'favorite_added', 'Spot ajouté aux favoris', '::1', '2025-04-16 23:45:21'),
(402, 1, 'favorite_removed', 'Spot retiré des favoris', '::1', '2025-04-16 23:45:22'),
(403, 1, 'favorite_removed', 'Spot retiré des favoris', '::1', '2025-04-16 23:45:25'),
(404, 1, 'favorite_added', 'Spot ajouté aux favoris', '::1', '2025-04-16 23:49:13'),
(405, 1, 'favorite_removed', 'Spot retiré des favoris', '::1', '2025-04-16 23:49:14'),
(406, 1, 'favorite_added', 'Spot ajouté aux favoris', '::1', '2025-04-16 23:50:52'),
(407, 1, 'favorite_removed', 'Spot retiré des favoris', '::1', '2025-04-16 23:50:52'),
(408, 1, 'favorite_added', 'Spot ajouté aux favoris', '::1', '2025-04-16 23:51:02'),
(409, 1, 'favorite_removed', 'Spot retiré des favoris', '::1', '2025-04-16 23:51:03'),
(410, 1, 'profile_picture_updated', 'Photo de profil mise à jour', '::1', '2025-04-16 23:53:51'),
(411, 1, 'logout', 'Déconnexion', '::1', '2025-04-16 23:54:41'),
(412, 1, 'login', 'Connexion réussie', '::1', '2025-04-17 00:14:47'),
(413, 1, 'favorite_removed', 'Spot retiré des favoris', '::1', '2025-04-17 00:51:16'),
(414, 1, 'favorite_added', 'Spot ajouté aux favoris', '::1', '2025-04-17 00:51:20'),
(415, 1, 'logout', 'Déconnexion', '::1', '2025-04-17 01:07:57'),
(416, 2, 'login', 'Connexion réussie', '::1', '2025-04-17 01:08:04'),
(417, 2, 'logout', 'Déconnexion', '::1', '2025-04-17 01:17:21'),
(418, 2, 'login', 'Connexion réussie', '::1', '2025-04-17 09:05:16'),
(419, 2, 'favorite_added', 'Spot ajouté aux favoris', '::1', '2025-04-17 09:05:31'),
(420, 2, 'favorite_removed', 'Spot retiré des favoris', '::1', '2025-04-17 09:05:32'),
(421, 2, 'spot_updated', 'Spot mis à jour ID: 35', '::1', '2025-04-17 09:07:10'),
(422, 2, 'spot_updated', 'Spot mis à jour ID: 35', '::1', '2025-04-17 09:07:24'),
(423, 2, 'profile_picture_updated', 'Photo de profil mise à jour', '::1', '2025-04-17 09:08:40'),
(424, 2, 'favorite_added', 'Spot ajouté aux favoris', '::1', '2025-04-17 10:19:51'),
(425, 2, 'favorite_removed', 'Spot retiré des favoris', '::1', '2025-04-17 10:19:52'),
(426, 2, 'logout', 'Déconnexion', '::1', '2025-04-17 11:23:04'),
(427, 1, 'login', 'Connexion réussie', '::1', '2025-04-17 11:25:26'),
(428, 1, 'profile_picture_updated', 'Photo de profil mise à jour', '::1', '2025-04-17 13:29:05'),
(429, 1, 'logout', 'Déconnexion', '::1', '2025-04-17 14:21:28'),
(430, 1, 'login', 'Connexion réussie', '::1', '2025-04-17 14:44:34'),
(431, 1, 'logout', 'Déconnexion', '::1', '2025-04-17 15:23:38'),
(432, 2, 'login', 'Connexion réussie', '::1', '2025-04-17 15:23:58'),
(433, 2, 'favorite_added', 'Spot ajouté aux favoris', '::1', '2025-04-17 15:35:07'),
(434, 2, 'favorite_removed', 'Spot retiré des favoris', '::1', '2025-04-17 15:35:08'),
(435, 2, 'favorite_added', 'Spot ajouté aux favoris', '::1', '2025-04-17 15:35:23'),
(436, 2, 'favorite_removed', 'Spot retiré des favoris', '::1', '2025-04-17 15:35:25'),
(437, 2, 'favorite_added', 'Spot ajouté aux favoris', '::1', '2025-04-17 15:35:26'),
(438, 2, 'favorite_removed', 'Spot retiré des favoris', '::1', '2025-04-17 15:46:23'),
(439, 2, 'favorite_added', 'Spot ajouté aux favoris', '::1', '2025-04-17 15:46:24'),
(440, 2, 'logout', 'Déconnexion', '::1', '2025-04-17 15:47:58'),
(441, 1, 'login', 'Connexion réussie', '::1', '2025-04-17 15:48:09'),
(442, 1, 'profile_picture_updated', 'Photo de profil mise à jour', '::1', '2025-04-17 15:48:18'),
(443, 1, 'favorite_added', 'Spot ajouté aux favoris', '::1', '2025-04-17 15:49:16'),
(444, 1, 'favorite_removed', 'Spot retiré des favoris', '::1', '2025-04-17 15:49:17'),
(445, 1, 'favorite_added', 'Spot ajouté aux favoris', '::1', '2025-04-17 15:49:18'),
(446, 1, 'favorite_removed', 'Spot retiré des favoris', '::1', '2025-04-17 15:49:19'),
(447, 1, 'favorite_added', 'Spot ajouté aux favoris', '::1', '2025-04-17 15:49:23'),
(448, 1, 'favorite_removed', 'Spot retiré des favoris', '::1', '2025-04-17 15:49:23'),
(449, 1, 'logout', 'Déconnexion', '::1', '2025-04-17 15:52:33'),
(450, 1, 'login', 'Connexion réussie', '::1', '2025-04-17 15:52:41'),
(451, 1, 'profile_picture_updated', 'Photo de profil mise à jour', '::1', '2025-04-17 15:52:53'),
(452, 1, 'logout', 'Déconnexion', '::1', '2025-04-17 15:53:09'),
(453, 1, 'login', 'Connexion réussie', '::1', '2025-04-17 15:53:45'),
(454, 1, 'logout', 'Déconnexion', '::1', '2025-04-17 16:15:41'),
(455, 1, 'login', 'Connexion réussie', '::1', '2025-04-17 16:16:07'),
(456, 1, 'logout', 'Déconnexion', '::1', '2025-04-17 16:18:06'),
(457, 1, 'login', 'Connexion réussie', '::1', '2025-04-17 16:29:53'),
(458, 1, 'logout', 'Déconnexion', '::1', '2025-04-17 16:50:17'),
(459, 2, 'login', 'Connexion réussie', '::1', '2025-04-17 16:50:43'),
(460, 2, 'logout', 'Déconnexion', '::1', '2025-04-17 16:51:00'),
(461, 2, 'login', 'Connexion réussie', '::1', '2025-04-17 17:11:18'),
(462, 2, 'logout', 'Déconnexion', '::1', '2025-04-17 17:11:26'),
(463, 1, 'login', 'Connexion réussie', '::1', '2025-04-17 17:11:34'),
(464, 1, 'favorite_removed', 'Spot retiré des favoris', '::1', '2025-04-17 17:11:36'),
(465, 1, 'favorite_removed', 'Spot retiré des favoris', '::1', '2025-04-17 17:11:38'),
(466, 1, 'favorite_added', 'Spot ajouté aux favoris', '::1', '2025-04-17 17:11:39'),
(467, 1, 'favorite_removed', 'Spot retiré des favoris', '::1', '2025-04-17 17:11:40'),
(468, 1, 'favorite_added', 'Spot ajouté aux favoris', '::1', '2025-04-17 17:11:42'),
(469, 1, 'favorite_removed', 'Spot retiré des favoris', '::1', '2025-04-17 17:11:42'),
(470, 1, 'favorite_added', 'Spot ajouté aux favoris', '::1', '2025-04-17 17:12:38'),
(471, 1, 'favorite_removed', 'Spot retiré des favoris', '::1', '2025-04-17 17:12:38'),
(472, 1, 'favorite_added', 'Spot ajouté aux favoris', '::1', '2025-04-17 17:19:20'),
(473, 1, 'favorite_removed', 'Spot retiré des favoris', '::1', '2025-04-17 17:19:21'),
(474, 1, 'favorite_added', 'Spot ajouté aux favoris', '::1', '2025-04-17 17:19:22'),
(475, 1, 'favorite_removed', 'Spot retiré des favoris', '::1', '2025-04-17 17:19:25'),
(476, 1, 'favorite_added', 'Spot ajouté aux favoris', '::1', '2025-04-17 17:19:26'),
(477, 1, 'favorite_removed', 'Spot retiré des favoris', '::1', '2025-04-17 17:19:30'),
(478, 1, 'favorite_added', 'Spot ajouté aux favoris', '::1', '2025-04-17 17:20:26'),
(479, 1, 'profile_picture_updated', 'Photo de profil mise à jour', '::1', '2025-04-17 17:20:57'),
(480, 1, 'logout', 'Déconnexion', '::1', '2025-04-17 17:25:36'),
(481, 2, 'login_failed', 'Tentative de connexion échouée', '::1', '2025-04-17 17:25:46'),
(482, 1, 'login', 'Connexion réussie', '::1', '2025-04-17 17:25:58'),
(483, 1, 'logout', 'Déconnexion', '::1', '2025-04-17 17:26:01'),
(484, 2, 'login', 'Connexion réussie', '::1', '2025-04-17 17:26:14'),
(485, 2, 'logout', 'Déconnexion', '::1', '2025-04-17 17:37:08'),
(486, 1, 'login', 'Connexion réussie', '::1', '2025-04-17 17:37:19'),
(487, 1, 'favorite_added', 'Spot ajouté aux favoris', '::1', '2025-04-17 18:56:20'),
(488, 1, 'favorite_removed', 'Spot retiré des favoris', '::1', '2025-04-17 18:56:21'),
(489, 1, 'favorite_removed', 'Spot retiré des favoris', '::1', '2025-04-17 18:56:23'),
(490, 1, 'favorite_added', 'Spot ajouté aux favoris', '::1', '2025-04-17 18:56:23'),
(491, 1, 'favorite_removed', 'Spot retiré des favoris', '::1', '2025-04-17 22:57:33'),
(492, 1, 'favorite_added', 'Spot ajouté aux favoris', '::1', '2025-04-17 22:57:36'),
(493, 1, 'favorite_removed', 'Spot retiré des favoris', '::1', '2025-04-17 23:01:30'),
(494, 1, 'favorite_added', 'Spot ajouté aux favoris', '::1', '2025-04-17 23:01:31'),
(495, 1, 'favorite_added', 'Spot ajouté aux favoris', '::1', '2025-04-17 23:08:28'),
(496, 2, 'login', 'Connexion réussie', '::1', '2025-04-17 23:11:17'),
(497, 2, 'logout', 'Déconnexion', '::1', '2025-04-17 23:14:53'),
(498, 1, 'login', 'Connexion réussie', '::1', '2025-04-17 23:15:01'),
(499, 1, 'favorite_removed', 'Spot ID: 35 - Spot retiré des favoris', '::1', '2025-04-17 23:24:45'),
(500, 1, 'favorite_added', 'Spot ID: 35 - Spot ajouté aux favoris', '::1', '2025-04-17 23:24:46'),
(501, 1, 'favorite_added', 'Spot ID: 269 - Spot ajouté aux favoris', '::1', '2025-04-17 23:24:49'),
(502, 1, 'favorite_removed', 'Spot ID: 269 - Spot retiré des favoris', '::1', '2025-04-17 23:24:50'),
(503, 1, 'favorite_added', 'Spot ID: 269 - Spot ajouté aux favoris', '::1', '2025-04-17 23:24:51'),
(504, 1, 'favorite_removed', 'Spot ID: 269 - Spot retiré des favoris', '::1', '2025-04-17 23:24:52'),
(505, 1, 'favorite_added', 'Spot ID: 269 - Spot ajouté aux favoris', '::1', '2025-04-17 23:24:52'),
(506, 1, 'favorite_added', 'Spot ID: 288 - Spot ajouté aux favoris', '::1', '2025-04-17 23:24:55'),
(507, 1, 'favorite_removed', 'Spot retiré des favoris', '::1', '2025-04-17 23:25:31'),
(508, 1, 'favorite_added', 'Spot ajouté aux favoris', '::1', '2025-04-17 23:25:34'),
(509, 1, 'logout', 'Déconnexion', '::1', '2025-04-17 23:25:35'),
(510, 2, 'login', 'Connexion réussie', '::1', '2025-04-17 23:32:11'),
(511, 2, 'logout', 'Déconnexion', '::1', '2025-04-17 23:33:58'),
(512, 1, 'login', 'Connexion réussie', '::1', '2025-04-17 23:51:46'),
(513, 1, 'favorite_removed', 'Spot retiré des favoris', '::1', '2025-04-17 23:51:52'),
(514, 1, 'favorite_added', 'Spot ajouté aux favoris', '::1', '2025-04-17 23:51:53'),
(515, 1, 'favorite_removed', 'Spot ID: 35', '::1', '2025-04-18 00:02:11'),
(516, 1, 'favorite_added', 'Spot ID: 35', '::1', '2025-04-18 00:02:13'),
(517, 1, 'favorite_removed', 'Spot ID: 35', '::1', '2025-04-18 00:06:27'),
(518, 1, 'favorite_removed', 'Spot ID: 172', '::1', '2025-04-18 00:06:29'),
(519, 1, 'favorite_added', 'Spot ID: 35', '::1', '2025-04-18 00:06:33'),
(520, 1, 'favorite_removed', 'Spot ID: 35', '::1', '2025-04-18 00:06:34'),
(521, 1, 'favorite_added', 'Spot ID: 35', '::1', '2025-04-18 00:06:40'),
(522, 1, 'favorite_removed', 'Spot ID: 35', '::1', '2025-04-18 00:06:42'),
(523, 1, 'logout', 'Déconnexion', '::1', '2025-04-18 00:06:45');

-- --------------------------------------------------------

--
-- Structure de la table `favorites`
--

CREATE TABLE `favorites` (
  `id` int NOT NULL,
  `user_id` int NOT NULL,
  `spot_id` int NOT NULL,
  `created_at` timestamp NULL DEFAULT CURRENT_TIMESTAMP
) ENGINE=InnoDB DEFAULT CHARSET=utf8mb4 COLLATE=utf8mb4_0900_ai_ci;

--
-- Déchargement des données de la table `favorites`
--

INSERT INTO `favorites` (`id`, `user_id`, `spot_id`, `created_at`) VALUES
(120, 1, 12, '2025-04-16 22:25:02'),
(146, 1, 58, '2025-04-16 23:05:53'),
(154, 1, 13, '2025-04-16 23:25:49'),
(155, 1, 48, '2025-04-16 23:25:53'),
(160, 1, 14, '2025-04-17 00:51:20'),
(166, 2, 35, '2025-04-17 15:46:24'),
(179, 1, 4, '2025-04-17 22:57:36'),
(185, 1, 269, '2025-04-17 23:24:52'),
(186, 1, 288, '2025-04-17 23:24:55');

-- --------------------------------------------------------

--
-- Structure de la table `users`
--

CREATE TABLE `users` (
  `id` int NOT NULL,
  `username` varchar(50) NOT NULL,
  `email` varchar(100) NOT NULL,
  `password` varchar(255) NOT NULL,
  `role` enum('user','admin') DEFAULT 'user',
  `created_at` timestamp NULL DEFAULT CURRENT_TIMESTAMP,
  `updated_at` timestamp NULL DEFAULT CURRENT_TIMESTAMP ON UPDATE CURRENT_TIMESTAMP,
  `reset_token` varchar(255) DEFAULT NULL,
  `reset_expires` int DEFAULT NULL,
  `profile_picture` varchar(255) DEFAULT NULL
) ENGINE=InnoDB DEFAULT CHARSET=utf8mb4 COLLATE=utf8mb4_0900_ai_ci;

--
-- Déchargement des données de la table `users`
--

INSERT INTO `users` (`id`, `username`, `email`, `password`, `role`, `created_at`, `updated_at`, `reset_token`, `reset_expires`, `profile_picture`) VALUES
(1, 'Sellia', 'sellia.nade@gmail.com', '$2y$10$Vn5DmjxR8RpyJHssEsL9eeYbATXhHJz8GwYURtTsPAh00qorMN7BO', 'user', '2025-04-15 11:18:50', '2025-04-17 17:20:57', '247e3143b1402df5dfa53f3bed85bcb024a2c69153f4f0dee46c795a0c2cff6a', 1744766371, 'user_1_68013879c979a.png'),
(2, 'admin', 'admin@pausewifi.com', '$2y$10$H9ss.WhjhmbL.b/ZQYM7G.2VcaS7CCIFiSrU0l.JpFdG95EuJfLNW', 'admin', '2025-04-15 14:24:12', '2025-04-17 09:08:40', NULL, NULL, 'user_2_6800c51806f63.jpg');

-- --------------------------------------------------------

--
-- Structure de la table `wifi_spots`
--

CREATE TABLE `wifi_spots` (
  `id` int NOT NULL,
  `site_name` varchar(255) NOT NULL,
  `site_type` enum('Bibliothèque','Autre','Parc','Centre sportif','Mairie','Musée','Hotel') DEFAULT 'Autre',
  `address` varchar(255) NOT NULL,
  `postal_code` varchar(10) NOT NULL,
  `site_code` varchar(50) DEFAULT NULL,
  `num_bornes` int DEFAULT '1',
  `status` enum('Opérationnel','Fermé pour travaux','En déploiement','En étude') DEFAULT 'Opérationnel',
  `latitude` decimal(10,8) NOT NULL,
  `longitude` decimal(11,8) NOT NULL,
  `arrondissement` int NOT NULL,
  `created_at` timestamp NULL DEFAULT CURRENT_TIMESTAMP,
  `updated_at` timestamp NULL DEFAULT CURRENT_TIMESTAMP ON UPDATE CURRENT_TIMESTAMP
) ENGINE=InnoDB DEFAULT CHARSET=utf8mb4 COLLATE=utf8mb4_0900_ai_ci;

--
-- Déchargement des données de la table `wifi_spots`
--

INSERT INTO `wifi_spots` (`id`, `site_name`, `site_type`, `address`, `postal_code`, `site_code`, `num_bornes`, `status`, `latitude`, `longitude`, `arrondissement`, `created_at`, `updated_at`) VALUES
(1, 'BIBLIOTHEQUE DU CINEMA FRANCOIS TRUFFAUT', 'Bibliothèque', '14 RUE DES PROUVAIRES', '75001', 'PW0112', 1, 'Opérationnel', 48.86148891, 2.34415411, 1, '2025-04-11 18:10:30', '2025-04-13 13:28:22'),
(2, 'MEDIATHEQUE LA CANOPEE LA FONTAINE', 'Bibliothèque', '10 PASSAGE DE LA CANOPEE', '75001', 'PW0143', 5, 'Opérationnel', 48.86181949, 2.34764390, 1, '2025-04-11 18:10:30', '2025-04-13 13:28:22'),
(3, 'PREFOURRIERE LOUVRE', 'Autre', '1 PLACE DU LOUVRE', '75001', 'PW0227', 1, 'Opérationnel', 48.85932482, 2.34073842, 1, '2025-04-11 18:10:30', '2025-04-13 13:28:22'),
(4, 'BERGES RIVE DROITE - PONT AU CHANGE', 'Autre', 'BERGE DE SEINE RIVE DROITE - VIA FERRATA', '75001', 'PW0158', 1, 'Opérationnel', 48.85751278, 2.34656304, 1, '2025-04-11 18:10:30', '2025-04-13 13:28:22'),
(5, 'BERGES RIVE DROITE - PONT NEUF', 'Autre', 'BERGE DE SEINE RIVE DROITE - SORTIE TUNNEL TUILERIES', '75001', 'PW0149', 1, 'Opérationnel', 48.85937333, 2.33582236, 1, '2025-04-11 18:10:30', '2025-04-13 13:28:22'),
(6, 'QUARTIER JEUNES', 'Autre', '4 PLACE DU LOUVRE', '75001', 'PW0127', 19, 'Opérationnel', 48.86008353, 2.34106448, 1, '2025-04-11 18:10:30', '2025-04-13 13:28:22'),
(7, 'MAISON DE LA VIE ASSOCIATIVE ET CITOYENNE  1', 'Autre', '5B RUE DU LOUVRE', '75001', 'PW0148', 2, 'Opérationnel', 48.86188336, 2.34115676, 1, '2025-04-11 18:10:30', '2025-04-13 13:28:22'),
(8, 'BERGES RIVE DROITE - PONT AU CHANGE', 'Autre', 'BERGE DE SEINE RIVE DROITE - SORTIE CHATELET', '75001', 'PW0193', 1, 'Opérationnel', 48.85742785, 2.34701992, 1, '2025-04-11 18:10:30', '2025-04-13 13:28:22'),
(9, 'JARDIN NELSON MANDELA', 'Parc', '32 RUE BERGER', '75001', 'PW0110', 2, 'Opérationnel', 48.86146942, 2.34630372, 1, '2025-04-11 18:10:30', '2025-04-13 13:28:22'),
(10, 'MEDIATHEQUE MUSICALE DE PARIS (HALLES)', 'Bibliothèque', '8 PORTE SAINT EUSTACHE', '75001', 'PW0020', 2, 'Opérationnel', 48.86265013, 2.34591611, 1, '2025-04-11 18:10:30', '2025-04-13 13:28:22'),
(11, 'MAISON DE LA VIE ASSOCIATIVE ET CITOYENNE 2', 'Autre', '23 RUE GRENETA', '75002', 'PW0036', 1, 'Opérationnel', 48.86508140, 2.35054940, 2, '2025-04-11 18:13:18', '2025-04-13 13:28:22'),
(12, 'CENTRE SPORTIF JEAN DAME', 'Centre sportif', '17 RUE LEOPOLD BELLAN', '75002', 'PW0082', 1, 'Opérationnel', 48.86656835, 2.34550651, 2, '2025-04-11 18:13:18', '2025-04-13 13:28:22'),
(13, 'MAIRIE DU 2 EME', 'Mairie', '8 RUE DE LA BANQUE', '75002', 'PW0034', 1, 'Opérationnel', 48.86683453, 2.34045080, 2, '2025-04-11 18:13:18', '2025-04-13 13:28:22'),
(14, 'BIBLIOTHEQUE CHARLOTTE DELBO', 'Bibliothèque', '2 PASSAGE DES PETITS PERES', '75002', 'PW0134', 2, 'Opérationnel', 48.86650758, 2.34043449, 2, '2025-04-11 18:13:18', '2025-04-13 13:28:22'),
(15, 'BIBLIOTHEQUE MARGUERITE AUDOUX', 'Bibliothèque', '8-12 RUE PORTEFOIN', '75003', 'PW0044', 2, 'Opérationnel', 48.86376892, 2.35984626, 3, '2025-04-11 18:13:36', '2025-04-13 13:28:22'),
(16, 'MAISON DES INITIATIVES ETUDIANTES', 'Autre', '50 RUE DES TOURNELLES', '75003', 'PW0070', 10, 'Opérationnel', 48.85622196, 2.36739182, 3, '2025-04-11 18:13:36', '2025-04-13 13:28:22'),
(17, 'MAISON DE LA VIE ASSOCIATIVE ET CITOYENNE 3/4', 'Autre', '3 RUE EUGENE SPULLER', '75003', 'PW0019-1', 1, 'Opérationnel', 48.86402504, 2.36218654, 3, '2025-04-11 18:13:36', '2025-04-13 13:28:22'),
(18, 'MUSEE CARNAVALET', 'Musée', '27 RUE DE SEVIGNE', '75003', 'PW0233', 19, 'Opérationnel', 48.85754316, 2.36297509, 3, '2025-04-11 18:13:36', '2025-04-13 13:28:22'),
(19, 'BOURSE DU TRAVAIL ANNEXE CHARLOT', 'Autre', '85 RUE CHARLOT', '75003', 'PW0220', 1, 'Opérationnel', 48.86514825, 2.36510802, 3, '2025-04-11 18:13:36', '2025-04-13 13:28:22'),
(20, 'BOURSE DU TRAVAIL ANNEXE TURBIGO', 'Autre', '67 RUE TURBIGO', '75003', 'PW0219', 1, 'Opérationnel', 48.86601658, 2.35800478, 3, '2025-04-11 18:13:36', '2025-04-13 13:28:22'),
(21, 'MAIRIE DU CENTRE', 'Mairie', '2 RUE EUGENE SPULLER', '75003', 'PW0019', 2, 'Opérationnel', 48.86399203, 2.36153196, 3, '2025-04-11 18:13:36', '2025-04-13 13:28:22'),
(22, 'MUSEE COGNACQ-JAY', 'Musée', '8 RUE ELZEVIR', '75003', 'PW0251', 14, 'Opérationnel', 48.85817284, 2.36146036, 3, '2025-04-11 18:13:36', '2025-04-13 13:28:22'),
(23, 'HOTEL DE VILLE PARVIS RIVOLI', 'Hotel', '4 PLACE DE L HOTEL DE VILLE', '75004', 'PW0123-1', 1, 'Opérationnel', 48.85705185, 2.35235172, 4, '2025-04-11 18:13:55', '2025-04-13 13:28:22'),
(24, 'HOTEL DE VILLE RDC', 'Hotel', '4 PLACE DE L\'HOTEL DE VILLE', '75004', 'PW0122-1', 4, 'Opérationnel', 48.85638968, 2.35238827, 4, '2025-04-11 18:13:55', '2025-04-13 13:28:22'),
(25, 'BIBLIOTHEQUE FORNEY', 'Bibliothèque', '1 RUE DU FIGUIER', '75004', 'PW0050', 4, 'Opérationnel', 48.85342353, 2.35917924, 4, '2025-04-11 18:13:55', '2025-04-13 13:28:22'),
(26, 'BERGES RIVE DROITE - PONT NOTRE DAME', 'Autre', 'BERGE DE SEINE RIVE DROITE -  QUAI DE GESVRES 2', '75004', 'PW0181', 1, 'Opérationnel', 48.85668757, 2.34892300, 4, '2025-04-11 18:13:55', '2025-04-13 13:28:22'),
(27, 'BERGES RIVE DROITE - LES NAUTES', 'Autre', 'BERGE DE SEINE RIVE DROITE - 5 QUAI DES CELESTINS', '75004', 'PW0150', 1, 'Opérationnel', 48.85235334, 2.36031097, 4, '2025-04-11 18:13:55', '2025-04-13 13:28:22'),
(28, 'HOTEL DE VILLE 4EME', 'Hotel', '4 PLACE DE L\'HOTEL DE VILLE', '75004', 'PW0122-5', 6, 'Opérationnel', 48.85686654, 2.35317182, 4, '2025-04-11 18:13:55', '2025-04-13 13:28:22'),
(29, 'BIBLIOTHEQUE ARTHUR RIMBAUD', 'Bibliothèque', '2 PLACE BAUDOYER', '75004', 'PW0132-2', 2, 'Opérationnel', 48.85613837, 2.35593752, 4, '2025-04-11 18:13:55', '2025-04-13 13:28:22'),
(30, 'SQUARE JEAN XXIII - 2', 'Parc', 'RUE DU CLOITRE NOTRE DAME', '75004', 'PW0067', 1, 'Opérationnel', 48.85250148, 2.35079596, 4, '2025-04-11 18:13:55', '2025-04-13 13:28:22'),
(31, 'HOTEL DE VILLE SOUS SOL', 'Hotel', '4 PLACE DE L\'HOTEL DE VILLE', '75004', 'PW0122', 3, 'Opérationnel', 48.85676344, 2.35264831, 4, '2025-04-11 18:13:55', '2025-04-13 13:28:22'),
(32, 'HOTEL DE VILLE 3EME', 'Hotel', '4 PLACE DE L HOTEL DE VILLE', '75004', 'PW0122-4', 3, 'Opérationnel', 48.85632801, 2.35290179, 4, '2025-04-11 18:13:55', '2025-04-13 13:28:22'),
(33, 'HOTEL DE VILLE 1ER', 'Hotel', 'PLACE DE L HOTEL DE VILLE', '75004', 'PW0122-2', 3, 'Opérationnel', 48.85608287, 2.35226186, 4, '2025-04-11 18:13:55', '2025-04-13 13:28:22'),
(34, 'MAISON DES ACTEURS DU PARIS DURABLE', 'Autre', '21 RUE BLANCS MANTEAUX', '75004', 'PW0192', 3, 'Fermé pour travaux', 48.85904966, 2.35687278, 4, '2025-04-11 18:13:55', '2025-04-13 13:28:22'),
(35, 'ACADEMIE DU CLIMAT', 'Autre', '2 PLACE BAUDOYER', '75004', 'PW0132', 29, 'Opérationnel', 48.85627161, 2.35575690, 4, '2025-04-11 18:13:55', '2025-04-17 09:07:24'),
(36, 'HOTEL DE VILLE 2EME', 'Hotel', '4 PLACE DE L HOTEL DE VILLE', '75004', 'PW0122-3', 6, 'Opérationnel', 48.85602609, 2.35268579, 4, '2025-04-11 18:13:55', '2025-04-13 13:28:22'),
(37, 'LES BLANCS MANTEAUX', 'Autre', '48 RUE VIEILLE DU TEMPLE', '75004', 'PW0121', 2, 'Opérationnel', 48.85826133, 2.35839236, 4, '2025-04-11 18:13:55', '2025-04-13 13:28:22'),
(38, 'HOTEL DE VILLE PARVIS SEINE', 'Hotel', '4 PLACE DE L\'HOTEL DE VILLE', '75004', 'PW0123', 1, 'Opérationnel', 48.85631931, 2.35175508, 4, '2025-04-11 18:13:55', '2025-04-13 13:28:22'),
(39, 'SQUARE LOUIS XIII', 'Parc', '30 PLACE DES VOSGES', '75004', 'PW0163', 1, 'Opérationnel', 48.85563078, 2.36565840, 4, '2025-04-11 18:13:55', '2025-04-13 13:28:22'),
(40, 'SQUARE DE LA TOUR SAINT JACQUES', 'Parc', '88 RUE DE RIVOLI', '75004', 'PW0153', 1, 'Opérationnel', 48.85804072, 2.34922010, 4, '2025-04-11 18:13:55', '2025-04-13 13:28:22'),
(41, 'SQUARE JEAN XXIII - 1', 'Parc', 'RUE DU CLOITRE NOTRE DAME', '75004', NULL, 1, 'Fermé pour travaux', 48.85244200, 2.35067061, 4, '2025-04-11 18:13:55', '2025-04-13 13:28:22'),
(42, 'BIBLIOTHEQUE HISTORIQUE DE LA VILLE DE PARIS (BHVP)', 'Bibliothèque', '24 RUE PAVEE', '75004', 'PW0043', 1, 'Opérationnel', 48.85706543, 2.36169590, 4, '2025-04-11 18:13:55', '2025-04-13 13:28:22'),
(43, 'CRYPTE', 'Autre', '1 PARVIS DE NOTRE DAME', '75004', 'PW0255', 5, 'En déploiement', 48.85360667, 2.34811556, 4, '2025-04-11 18:13:55', '2025-04-13 13:28:22'),
(44, 'HOTEL DE VILLE  PARVIS  9', 'Hotel', '9 PLACE DE L HOTEL DE VILLE', '75004', 'PW0119', 1, 'Opérationnel', 48.85727328, 2.35127761, 4, '2025-04-11 18:13:55', '2025-04-13 13:28:22'),
(45, 'BERGES RIVE DROITE - PONT D ARCOLE', 'Autre', 'BERGE DE SEINE RIVE DROITE - QUAI DE GESVRES', '75004', 'PW0156', 1, 'Opérationnel', 48.85583198, 2.35083466, 4, '2025-04-11 18:13:55', '2025-04-13 13:28:22'),
(46, 'JARDIN FREDERICO GARCIA LORCA - SQUARE HDV', 'Parc', 'QUAI DE L\'HOTEL DE VILLE', '75004', 'PW0191', 1, 'Opérationnel', 48.85471051, 2.35324093, 4, '2025-04-11 18:13:55', '2025-04-13 13:28:22'),
(47, 'MUSEE VICTOR HUGO', 'Musée', '6 PLACE DES VOSGES', '75004', 'PW0237', 9, 'Opérationnel', 48.85477277, 2.36616852, 4, '2025-04-11 18:13:55', '2025-04-13 13:28:22'),
(48, 'BIBLIOTHEQUE BUFFON', 'Bibliothèque', '15 B RUE BUFFON', '75005', 'PW0111', 3, 'Opérationnel', 48.84254661, 2.36186824, 5, '2025-04-11 18:14:21', '2025-04-13 13:28:22'),
(49, 'MAISON DE LA VIE ASSOCIATIVE ET CITOYENNE QUARTIER LATIN 5', 'Autre', '4 RUE DES ARENES', '75005', 'PW0026', 2, 'Opérationnel', 48.84511219, 2.35420644, 5, '2025-04-11 18:14:21', '2025-04-13 13:28:22'),
(50, 'BIBLIOTHEQUE HEURE JOYEUSE', 'Bibliothèque', '6-12 RUE DES PRETRES ST-SEVERIN', '75005', 'PW0136', 2, 'Opérationnel', 48.85190101, 2.34494822, 5, '2025-04-11 18:14:21', '2025-04-13 13:28:22'),
(51, 'BIBLIOTHEQUE MOHAMMED ARKOUN', 'Bibliothèque', '74 RUE MOUFFETARD', '75005', 'PW0126', 2, 'Opérationnel', 48.84249353, 2.34967376, 5, '2025-04-11 18:14:21', '2025-04-13 13:28:22'),
(52, 'BIBLIOTHEQUE RAINER MARIA RILKE', 'Bibliothèque', '88 T BOULEVARD DE PORT-ROYAL', '75005', 'PW0115', 2, 'Opérationnel', 48.83930699, 2.33878167, 5, '2025-04-11 18:14:21', '2025-04-13 13:28:22'),
(53, 'SQUARE THEODORE MONOD', 'Parc', '8 RUE SCIPION', '75005', 'PW0155', 1, 'Opérationnel', 48.83839922, 2.35377754, 5, '2025-04-11 18:14:21', '2025-04-13 13:28:22'),
(54, 'CENTRE SPORTIF POLIVEAU', 'Centre sportif', '39 B RUE POLIVEAU', '75005', 'PW0090', 1, 'Opérationnel', 48.83981215, 2.35748075, 5, '2025-04-11 18:14:21', '2025-04-13 13:28:22'),
(55, 'SQUARE PAUL LANGEVIN', 'Parc', '12 RUE DES ECOLES', '75005', 'PW0154', 2, 'Opérationnel', 48.84808491, 2.34964311, 5, '2025-04-11 18:14:21', '2025-04-13 13:28:22'),
(56, 'MAIRIE DU 5 EME', 'Mairie', '21 PLACE DU PANTHEON', '75005', 'PW0021', 2, 'Opérationnel', 48.84619171, 2.34458088, 5, '2025-04-11 18:14:21', '2025-04-13 13:28:22'),
(57, 'BIBLIOTHEQUE DES LITTERATURES POLICIERES', 'Bibliothèque', '48-50 RUE DU CARDINAL LEMOINE', '75005', 'PW0138', 2, 'Opérationnel', 48.84643023, 2.35118103, 5, '2025-04-11 18:14:21', '2025-04-13 13:28:22'),
(58, 'BIBLIOTHEQUE ANDRE MALRAUX', 'Bibliothèque', '78 BOULEVARD RASPAIL', '75006', 'PW0118', 2, 'Opérationnel', 48.84810974, 2.32759434, 6, '2025-04-11 18:14:38', '2025-04-13 13:28:22'),
(59, 'MAISON DES INITIATIVES ETUDIANTES LABO6', 'Autre', '76B RUE DE RENNES', '75006', 'PW0146', 4, 'Opérationnel', 48.85124261, 2.33044362, 6, '2025-04-11 18:14:38', '2025-04-13 13:28:22'),
(60, 'MAIRIE DU 6 EME', 'Mairie', '78 RUE BONAPARTE', '75006', 'PW0128', 1, 'Opérationnel', 48.85053653, 2.33261137, 6, '2025-04-11 18:14:38', '2025-04-13 13:28:22'),
(61, 'MUSEE ZADKINE', 'Musée', '100 BIS RUE D ASSAS', '75006', 'PW0238', 3, 'Opérationnel', 48.84326818, 2.33349674, 6, '2025-04-11 18:14:38', '2025-04-13 13:28:22'),
(62, 'JARDIN DES GRANDS EXPLORATEURS', 'Parc', '5 RUE MICHELET', '75006', 'PW0208', 1, 'Opérationnel', 48.84138857, 2.33670570, 6, '2025-04-11 18:14:38', '2025-04-13 13:28:22'),
(63, 'GYMNASE CAMOU', 'Centre sportif', '35 AVENUE DE LA BOURDONNAIS', '75007', 'PW0250', 3, 'Opérationnel', 48.85839962, 2.29927378, 7, '2025-04-11 18:14:38', '2025-04-13 13:28:22'),
(64, 'BERGES RIVE GAUCHE - LA HALLE', 'Autre', 'PORT DE SOLFERINO', '75007', 'PW0190', 3, 'Fermé pour travaux', 48.86114846, 2.32506543, 7, '2025-04-11 18:14:38', '2025-04-13 13:28:22'),
(65, 'PARC CHAMPS DE MARS - 2', 'Parc', 'AVENUE CHARLES RISLER', '75007', 'PW0165-1', 1, 'Opérationnel', 48.85461012, 2.30019063, 7, '2025-04-11 18:14:38', '2025-04-13 13:28:22'),
(66, 'BERGES RIVE GAUCHE - JARDIN FLOTTANT', 'Autre', 'PORT DU GROS CAILLOU', '75007', 'PW0189', 3, 'Opérationnel', 48.86296418, 2.30452468, 7, '2025-04-11 18:14:38', '2025-04-13 13:28:22'),
(67, 'BIBLIOTHEQUE AMELIE', 'Bibliothèque', '164 RUE DE GRENELLE', '75007', 'PW0059', 1, 'Opérationnel', 48.85806890, 2.30898988, 7, '2025-04-11 18:14:38', '2025-04-13 13:28:22'),
(68, 'BERGES RIVE GAUCHE - EMMARCHEMENT', 'Autre', 'PORT DE SOLFERINO', '75007', 'PW0207', 2, 'Opérationnel', 48.86141664, 2.32435657, 7, '2025-04-11 18:14:38', '2025-04-13 13:28:22'),
(69, 'MAIRIE DU 7 EME', 'Mairie', '116 RUE DE GRENELLE', '75007', 'PW0022', 1, 'Opérationnel', 48.85686648, 2.32004370, 7, '2025-04-11 18:14:38', '2025-04-13 13:28:22'),
(70, 'GYMNASE MASSERAN', 'Centre sportif', '6 RUE MASSERAN', '75007', 'PW0253', 4, 'Opérationnel', 48.84877075, 2.31381920, 7, '2025-04-11 18:14:38', '2025-04-13 13:28:22'),
(71, 'BIBLIOTHEQUE SAINT SIMON', 'Bibliothèque', '116 RUE DE GRENELLE', '75007', 'PW0022-1', 1, 'Opérationnel', 48.85686648, 2.32004370, 7, '2025-04-11 18:14:38', '2025-04-13 13:28:22'),
(72, 'PARC CHAMPS DE MARS - 1', 'Parc', 'AVENUE CHARLES RISLER', '75007', 'PW0165', 1, 'Opérationnel', 48.85697941, 2.29333906, 7, '2025-04-11 18:14:38', '2025-04-13 13:28:22'),
(73, 'MUSEE DES EGOUTS', 'Musée', '93 QUAI D ORSAY', '75007', 'PW0243', 15, 'Opérationnel', 48.86207329, 2.30238300, 7, '2025-04-11 18:14:38', '2025-04-13 13:28:22'),
(74, 'ESPLANADE DES INVALIDES', 'Autre', '1 RUE PAUL ET JEAN LEROLLE', '75007', 'PW0161', 1, 'Opérationnel', 48.85818974, 2.31289426, 7, '2025-04-11 18:14:38', '2025-04-13 13:28:22'),
(75, 'MAISON DE LA VIE ASSOCIATIVE ET CITOYENNE 7', 'Autre', '93 RUE SAINT DOMINIQUE', '75007', 'PW0027', 1, 'Opérationnel', 48.85957021, 2.30722648, 7, '2025-04-11 18:14:38', '2025-04-13 13:28:22'),
(107, 'CS JACQUELINE AURIOL', 'Autre', '7 ALLEE LOUIS DE FUNES', '75008', 'PW0095', 1, 'Opérationnel', 48.87536457, 2.30462672, 8, '2025-04-11 18:21:31', '2025-04-13 13:28:22'),
(108, 'PARC MONCEAU - ALLEE CONTESSE DE SEGUR', 'Parc', '1-3 PLACE DE LA REPUBLIQUE DOMINICAINE', '75008', 'PW0151', 4, 'Opérationnel', 48.88026234, 2.30983990, 8, '2025-04-11 18:21:31', '2025-04-13 13:28:22'),
(109, 'BIBLIOTHEQUE EUROPE', 'Bibliothèque', '3 RUE DE LISBONNE', '75008', 'PW0124', 2, 'Opérationnel', 48.87775138, 2.31748648, 8, '2025-04-11 18:21:31', '2025-04-13 13:28:22'),
(110, 'MAIRIE DU 8 EME', 'Mairie', '3 RUE DE LISBONNE', '75008', 'PW0024', 1, 'Opérationnel', 48.87775138, 2.31748648, 8, '2025-04-11 18:21:31', '2025-04-13 13:28:22'),
(111, 'MUSEE CERNUSCHI', 'Musée', '7 AVENUE VELASQUEZ', '75008', 'PW0247', 17, 'Opérationnel', 48.87944451, 2.31252310, 8, '2025-04-11 18:21:31', '2025-04-13 13:28:22'),
(112, 'PARC MONCEAU  - ENTREE PARC', 'Parc', '1 PLACE DE LA REPUBLIQUE DOMINICAINE', '75008', 'PW0151-1', 3, 'Opérationnel', 48.87994077, 2.30749908, 8, '2025-04-11 18:21:31', '2025-04-13 13:28:22'),
(113, 'MUSEE DU PETIT PALAIS', 'Musée', 'AVENUE WINSTON CHURCHILL 75008', '75008', 'PW0232', 6, 'Opérationnel', 48.86608194, 2.31522394, 8, '2025-04-11 18:21:31', '2025-04-13 13:28:22'),
(114, 'PROMENADE DES CHAMPS ELYSEES - KIOSQUE A MUSIQUE', 'Autre', 'AVENUE EDWARD TUCK', '75008', 'PW0196', 2, 'Opérationnel', 48.86528731, 2.31783977, 8, '2025-04-11 18:21:31', '2025-04-13 13:28:22'),
(115, 'MAISON DE LA VIE ASSOCIATIVE ET CITOYENNE  8', 'Autre', '28 RUE LAURE DIEBOLD', '75008', 'PW0047', 2, 'Opérationnel', 48.87602928, 2.30478483, 8, '2025-04-11 18:21:31', '2025-04-13 13:28:22'),
(116, 'SQUARE D\'ANVERS', 'Parc', 'PLACE D\'ANVERS', '75009', 'PW0184', 1, 'Opérationnel', 48.88231743, 2.34452052, 9, '2025-04-11 18:21:44', '2025-04-13 13:28:22'),
(117, 'BIBLIOTHEQUE VALEYRE', 'Bibliothèque', '24 RUE DE ROCHECHOUART', '75009', 'PW0142', 2, 'Opérationnel', 48.87796726, 2.34502151, 9, '2025-04-11 18:21:44', '2025-04-13 13:28:22'),
(118, 'MAIRIE DU 9 EME', 'Mairie', '6 RUE DROUOT', '75009', 'PW0131', 1, 'Opérationnel', 48.87259160, 2.34048060, 9, '2025-04-11 18:21:44', '2025-04-13 13:28:22'),
(119, 'SQUARE MONTHOLON', 'Parc', 'RUE LA FAYETTE', '75009', 'PW0186', 1, 'Opérationnel', 48.87690166, 2.34640500, 9, '2025-04-11 18:21:44', '2025-04-13 13:28:22'),
(120, 'MUSEE DE LA VIE ROMANTIQUE', 'Musée', '16 RUE CHAPTAL', '75009', 'PW0248', 5, 'Opérationnel', 48.88093777, 2.33316633, 9, '2025-04-11 18:21:44', '2025-04-13 13:28:22'),
(121, 'MAISON DE LA VIE ASSOCIATIVE ET CITOYENNE  9', 'Autre', '54 RUE PIGALLE', '75009', 'PW0037', 1, 'Opérationnel', 48.88097813, 2.33593661, 9, '2025-04-11 18:21:44', '2025-04-13 13:28:22'),
(122, 'SQUARE TRINITE D ESTIENNE D ORVES', 'Parc', '1 PLACE D ESTIENNES D ORVES', '75009', 'PW0176', 1, 'Opérationnel', 48.87659567, 2.33179828, 9, '2025-04-11 18:21:44', '2025-04-13 13:28:22'),
(123, 'BIBLIOTHEQUE DROUOT', 'Bibliothèque', '11 RUE DROUOT', '75009', 'PW0060', 1, 'Opérationnel', 48.87339027, 2.34045206, 9, '2025-04-11 18:21:44', '2025-04-13 13:28:22'),
(124, 'BIBLIOTHEQUE CHAPTAL', 'Bibliothèque', '26 RUE CHAPTAL', '75009', 'PW0109', 2, 'Opérationnel', 48.88111134, 2.33234556, 9, '2025-04-11 18:21:44', '2025-04-13 13:28:22'),
(125, 'MAISON DE LA VIE ASSOCIATIVE ET CITOYENNE  9 ANNEXE', 'Autre', '35 RUE VICTOR MASSE', '75009', 'PW0038', 1, 'Opérationnel', 48.88094098, 2.33701088, 9, '2025-04-11 18:21:44', '2025-04-13 13:28:22'),
(126, 'SQUARE DES RECOLLETS', 'Parc', '88 QUAI DE VALMY', '75010', 'PW0210', 1, 'Opérationnel', 48.87320402, 2.36361162, 10, '2025-04-11 18:21:59', '2025-04-13 13:28:22'),
(127, 'BIBLIOTHEQUE FRANCOIS VILLON', 'Bibliothèque', '81 BOULEVARD DE LA VILLETTE', '75010', 'PW0116', 4, 'Opérationnel', 48.87720543, 2.37079692, 10, '2025-04-11 18:21:59', '2025-04-13 13:28:22'),
(128, 'BOURSE DU TRAVAIL', 'Autre', '3 RUE DU CHATEAU D EAU', '75010', 'PW0215', 3, 'Opérationnel', 48.86910541, 2.36199741, 10, '2025-04-11 18:21:59', '2025-04-13 13:28:22'),
(129, 'SQUARE FREDERIC LEMAITRE', 'Parc', '35 QUAI DE JEMMAPES', '75010', 'PW0197', 1, 'Opérationnel', 48.87883863, 2.36711233, 10, '2025-04-11 18:21:59', '2025-04-13 13:28:22'),
(130, 'GYMNASE MARIE PARADIS', 'Centre sportif', '2 RUE LEON SCHWARTZENBERG', '75010', 'PW0097', 3, 'Opérationnel', 48.87545394, 2.35524843, 10, '2025-04-11 18:21:59', '2025-04-13 13:28:22'),
(131, 'JARDIN DES BERGES DU CANAL SAINT MARTIN', 'Parc', '150 QUAI DE VALMY', '75010', 'PW0194', 1, 'Opérationnel', 48.88011122, 2.36720667, 10, '2025-04-11 18:21:59', '2025-04-13 13:28:22'),
(132, 'JARDIN VILLEMIN', 'Parc', '8 RUE DES RECOLLETS', '75010', 'PW0164', 2, 'Opérationnel', 48.87449883, 2.36190494, 10, '2025-04-11 18:21:59', '2025-04-13 13:28:22'),
(133, 'CENTRE SPORTIF DE LA GRANGE AUX BELLES', 'Centre sportif', '17 RUE BOY ZELENSKI', '75010', 'PW0077', 1, 'Opérationnel', 48.87743062, 2.36839034, 10, '2025-04-11 18:21:59', '2025-04-13 13:28:22'),
(134, 'BIBLIOTHEQUE LANCRY', 'Bibliothèque', '11 RUE DE LANCRY', '75010', 'PW0254', 3, 'Opérationnel', 48.86940600, 2.36023200, 10, '2025-04-11 18:21:59', '2025-04-13 13:28:22'),
(135, 'MAISON DE LA VIE ASSOCIATIVE ET CITOYENNE  10', 'Autre', '206 QUAI DE VALMY', '75010', 'PW0028', 1, 'Opérationnel', 48.88178411, 2.36872007, 10, '2025-04-11 18:21:59', '2025-04-13 13:28:22'),
(136, 'MAIRIE DU 10 EME', 'Mairie', '72 RUE DU FAUBOURG SAINT MARTIN', '75010', 'PW0010', 2, 'Opérationnel', 48.87178451, 2.35738264, 10, '2025-04-11 18:21:59', '2025-04-13 13:28:22'),
(137, 'MEDIATHEQUE FRANCOISE SAGAN', 'Bibliothèque', '8 RUE LEON SCHWARTZENBERG', '75010', 'PW0147', 13, 'Opérationnel', 48.87542987, 2.35366677, 10, '2025-04-11 18:21:59', '2025-04-13 13:28:22'),
(138, 'MEDIATHEQUE VIOLETTE LEDUC', 'Bibliothèque', '18 RUE FAIDHERBE', '75011', 'PW0049', 4, 'Opérationnel', 48.85159555, 2.38396007, 11, '2025-04-11 18:22:16', '2025-04-13 13:28:22'),
(139, 'BIBLIOTHEQUE PARMENTIER', 'Bibliothèque', '20 AVENUE PARMENTIER', '75011', 'PW0052', 1, 'Opérationnel', 48.86009629, 2.37903496, 11, '2025-04-11 18:22:16', '2025-04-13 13:28:22'),
(140, 'SQUARE COLBERT', 'Parc', '159 RUE DE CHARONNE', '75011', 'PW0160', 1, 'Opérationnel', 48.85559194, 2.38959554, 11, '2025-04-11 18:22:16', '2025-04-13 13:28:22'),
(141, 'SQUARE JEAN AICARD', 'Parc', '5 AVENUE JEAN AICARD', '75011', 'PW0152', 1, 'Opérationnel', 48.86490862, 2.38127232, 11, '2025-04-11 18:22:16', '2025-04-13 13:28:22'),
(142, 'GYMNASE JAPY', 'Centre sportif', '2 RUE JAPY', '75011', 'PW0096', 1, 'Opérationnel', 48.85587141, 2.38245354, 11, '2025-04-11 18:22:16', '2025-04-13 13:28:22'),
(143, 'SQUARE MAURICE GARDETTE', 'Parc', '2 RUE DU GENERAL BLAISE RUE LACHARRIERE', '75011', 'PW0205', 1, 'Opérationnel', 48.86108519, 2.37907252, 11, '2025-04-11 18:22:16', '2025-04-13 13:28:22'),
(144, 'SERVICE TECHNIQUE DES BIBLIOTHEQUES', 'Autre', '46B RUE DE SAINT MAUR', '75011', 'PW0998', 1, 'Opérationnel', 48.86221124, 2.38030877, 11, '2025-04-11 18:22:16', '2025-04-13 13:28:22'),
(145, 'SQUARE DES JARDINIERS', 'Parc', '2 PASSAGE DUMAS', '75011', 'PW0203', 1, 'Opérationnel', 48.85209002, 2.39025009, 11, '2025-04-11 18:22:16', '2025-04-13 13:28:22'),
(146, 'CENTRE SPORTIF GEORGES RIGAL', 'Centre sportif', '115 BOULEVARD DE CHARONNE', '75011', 'PW0080', 1, 'Opérationnel', 48.85660342, 2.39386877, 11, '2025-04-11 18:22:16', '2025-04-13 13:28:22'),
(147, 'SQUARE BREGUET SABIN', 'Parc', '25 BOULEVARD RICHARD LENOIR', '75011', 'PW0177', 2, 'Opérationnel', 48.85709749, 2.37047966, 11, '2025-04-11 18:22:16', '2025-04-13 13:28:22'),
(148, 'PROMENADE RICHARD LENOIR', 'Autre', '67 BOULEVARD RICHARD LENOIR', '75011', 'PW0206', 1, 'Opérationnel', 48.86051279, 2.37222142, 11, '2025-04-11 18:22:16', '2025-04-13 13:28:22'),
(149, 'MAISON DE LA VIE ASSOCIATIVE ET CITOYENNE  11', 'Autre', '8 RUE DU GENERAL RENAULT', '75011', 'PW0029', 2, 'Opérationnel', 48.86126593, 2.37850248, 11, '2025-04-11 18:22:16', '2025-04-13 13:28:22'),
(150, 'SQUARE ORILLON JULES VERNES', 'Parc', '19B RUE DE L ORILLON', '75011', 'PW0056', 1, 'Opérationnel', 48.86989268, 2.37511728, 11, '2025-04-11 18:22:16', '2025-04-13 13:28:22'),
(151, 'SQUARE LA PETITE ROQUETTE', 'Parc', '4 RUE SERVAN - SQUARE DE LA ROQUETTE', '75011', 'PW0068', 1, 'Opérationnel', 48.85912437, 2.38418763, 11, '2025-04-11 18:22:16', '2025-04-13 13:28:22'),
(152, 'MAIRIE DU 11 EME', 'Mairie', '2 PLACE LEON BLUM', '75011', 'PW0011', 1, 'Opérationnel', 48.85807993, 2.38100340, 11, '2025-04-11 18:22:16', '2025-04-13 13:28:22'),
(153, 'CENTRE SPORTIF COUR DES LIONS', 'Centre sportif', '9-11 RUE ALPHONSE BAUDIN', '75011', 'PW0076', 1, 'Opérationnel', 48.86067413, 2.37034387, 11, '2025-04-11 18:22:16', '2025-04-13 13:28:22'),
(154, 'ESPACE REUILLY', 'Autre', '21 RUE ANTOINE JULIEN HENARD', '75012', 'PW0222', 3, 'Opérationnel', 48.84251862, 2.38963308, 12, '2025-04-11 18:22:35', '2025-04-13 13:28:22'),
(155, 'PARC DE BERCY (MAISON DU LAC)', 'Parc', '1 COUR CHAMONARD', '75012', 'PW0058-1', 1, 'Opérationnel', 48.83507864, 2.38453223, 12, '2025-04-11 18:22:35', '2025-04-13 13:28:22'),
(156, 'BIBLIOTHEQUE SAINT ELOI', 'Bibliothèque', '23 RUE DU COLONEL ROZANOFF', '75012', 'PW0141', 2, 'Opérationnel', 48.84552916, 2.38711099, 12, '2025-04-11 18:22:35', '2025-04-13 13:28:22'),
(157, 'PARC DE BERCY (TERRASSE BERCY)', 'Parc', '1 COUR CHAMONARD', '75012', 'PW0058-3', 2, 'Opérationnel', 48.83681071, 2.38235024, 12, '2025-04-11 18:22:35', '2025-04-13 13:28:22'),
(158, 'COULEE VERTE - BASTILLE', 'Autre', '38 AVENUE DAUMESNIL', '75012', 'PW0216', 1, 'Opérationnel', 48.84718309, 2.37641952, 12, '2025-04-11 18:22:35', '2025-04-13 13:28:22'),
(159, 'PARC FLORAL', 'Parc', 'ROUTE DE LA PYRAMIDE', '75012', 'PW0200', 7, 'Opérationnel', 48.84012554, 2.43983525, 12, '2025-04-11 18:22:35', '2025-04-13 13:28:22'),
(160, 'COULEE VERTE - DAUMESNIL RAMBOUILLET', 'Autre', 'AVENUE DAUMESNIL - COIN RUE RAMBOUILLET', '75012', 'PW0217', 1, 'Opérationnel', 48.84467621, 2.38161577, 12, '2025-04-11 18:22:35', '2025-04-13 13:28:22'),
(161, 'GYMNASE BERCY BASTILLE', 'Centre sportif', '242 RUE DE BERCY', '75012', 'PW0252', 2, 'Opérationnel', 48.84717244, 2.36913068, 12, '2025-04-11 18:22:35', '2025-04-13 13:28:22'),
(162, 'MAIRIE DU 12 EME', 'Mairie', '130 AVENUE DAUMESNIL', '75012', 'PW0012', 2, 'Opérationnel', 48.84110408, 2.38833749, 12, '2025-04-11 18:22:35', '2025-04-13 13:28:22'),
(163, 'CENTRE SPORTIF LEON MOTTOT', 'Centre sportif', '17 CITE MOYNET', '75012', 'PW0086', 1, 'Opérationnel', 48.84386569, 2.38662950, 12, '2025-04-11 18:22:35', '2025-04-13 13:28:22'),
(164, 'BIBLIOTHEQUE DIDEROT', 'Bibliothèque', '42 AVENUE DAUMESNIL', '75012', 'PW0135', 1, 'Opérationnel', 48.84596672, 2.37771614, 12, '2025-04-11 18:22:35', '2025-04-13 13:28:22'),
(165, 'PARC DE BERCY (ORANGERIE)', 'Parc', '1 COUR CHAMONARD', '75012', 'PW0058-2', 2, 'Opérationnel', 48.83609177, 2.38325226, 12, '2025-04-11 18:22:35', '2025-04-13 13:28:22'),
(166, 'CENTRE SPORTIF LEO LAGRANGE', 'Centre sportif', '68 BOULEVARD PONIATOWSKI', '75012', 'PW0084', 1, 'Opérationnel', 48.83216487, 2.39933434, 12, '2025-04-11 18:22:35', '2025-04-13 13:28:22'),
(167, 'PISCINE JEAN BOITEUX', 'Centre sportif', '13 RUE ANTOINE JULIEN HENARD', '75012', 'PW0106', 1, 'Opérationnel', 48.84214721, 2.38939779, 12, '2025-04-11 18:22:35', '2025-04-13 13:28:22'),
(168, 'PARC DE BERCY (JARDINAGE)', 'Parc', '1 COURS SAIT EMILION', '75012', 'PW0058', 1, 'Opérationnel', 48.83241899, 2.38548318, 12, '2025-04-11 18:22:35', '2025-04-13 13:28:22'),
(169, 'CENTRE SPORTIF PAUL VALERY', 'Centre sportif', '15 RUE DE LA NOUVELLE CALEDONIE', '75012', 'PW0087', 1, 'Opérationnel', 48.83800253, 2.41042916, 12, '2025-04-11 18:22:35', '2025-04-13 13:28:22'),
(170, 'MAISON DE LA VIE ASSOCIATIVE ET CITOYENNE 12', 'Autre', '181 AVENUE DAUMESNIL', '75012', 'PW0030', 6, 'Opérationnel', 48.84048781, 2.39250678, 12, '2025-04-11 18:22:35', '2025-04-13 13:28:22'),
(171, 'GYMNASE REUILLY', 'Centre sportif', '11 RUE ANTOINE JULIEN HENARD', '75012', 'PW0099', 1, 'Opérationnel', 48.84170548, 2.38917144, 12, '2025-04-11 18:22:35', '2025-04-13 13:28:22'),
(172, 'ACTIVITES ARTISANALES ET CREATION DU 12EME', 'Autre', '30 RUE DU FAUBOURG SAINT ANTOINE', '75012', 'PW0120', 3, 'Opérationnel', 48.85240661, 2.37164544, 12, '2025-04-11 18:22:35', '2025-04-13 13:28:22'),
(173, 'BIBLIOTHEQUE HELENE BERR', 'Bibliothèque', '70 RUE DE PICPUS', '75012', 'PW0051', 4, 'Opérationnel', 48.84254112, 2.39747689, 12, '2025-04-11 18:22:35', '2025-04-13 13:28:22'),
(174, 'DIR SYSTEMES INFORMATION ET NUMERIQUE', 'Autre', '227 RUE DE BERCY', '75012', 'PW0999', 4, 'Opérationnel', 48.84647565, 2.36970555, 12, '2025-04-11 18:22:35', '2025-04-13 13:28:22'),
(175, 'STADE CHARLETY', 'Autre', '99 BOULEVARD KELLERMANN', '75013', 'PW0169', 9, 'Opérationnel', 48.81933438, 2.34670165, 13, '2025-04-11 18:22:55', '2025-04-13 13:28:22'),
(176, 'SQUARE HELOISE ET ABELARD - PARIS NATURE MAISON DES 5 SENS', 'Parc', '22 RUE PIERRE GOURDAULT', '75013', 'PW0066', 1, 'Opérationnel', 48.83091904, 2.37010695, 13, '2025-04-11 18:22:55', '2025-04-13 13:28:22'),
(177, 'CENTRE SPORTIF GEORGES CARPENTIER - BATIMENT TENNIS', 'Centre sportif', '81 BOULEVARD MASSENA', '75013', 'PW0103-2', 1, 'Opérationnel', 48.82049067, 2.36730875, 13, '2025-04-11 18:22:55', '2025-04-13 13:28:22'),
(178, 'PREFOURRIERE CHARLETY', 'Autre', '8 RUE THOMIRE', '75013', 'PW0224', 1, 'Opérationnel', 48.81939646, 2.34838165, 13, '2025-04-11 18:22:55', '2025-04-13 13:28:22'),
(179, 'CENTRE SPORTIF DUNOIS', 'Centre sportif', '70 RUE DUNOIS', '75013', 'PW0079', 1, 'Opérationnel', 48.83317032, 2.36627859, 13, '2025-04-11 18:22:55', '2025-04-13 13:28:22'),
(180, 'SQUARE HENRI CADIOU', 'Parc', '69 BOULEVARD ARAGO', '75013', 'PW0172', 2, 'Opérationnel', 48.83464905, 2.34222254, 13, '2025-04-11 18:22:55', '2025-04-13 13:28:22'),
(181, 'SQUARE GEORGES DUHAMEL', 'Parc', 'RUE JEAN ANOUILH', '75013', 'PW0171', 1, 'Opérationnel', 48.83191583, 2.37761189, 13, '2025-04-11 18:22:55', '2025-04-13 13:28:22'),
(182, 'FOURRIERE CHEVALERET', 'Autre', '5 SQUARE DUNOIS', '75013', 'PW0225', 1, 'Opérationnel', 48.83375319, 2.36694211, 13, '2025-04-11 18:22:55', '2025-04-13 13:28:22'),
(183, 'SQUARE JEAN CLAUDE NICOLAS FORESTIER', 'Parc', '79 BOULEVARD KELLERMANN', '75013', 'PW0179', 2, 'Opérationnel', 48.81983056, 2.34775476, 13, '2025-04-11 18:22:55', '2025-04-13 13:28:22'),
(184, 'CENTRE SPORTIF GEORGES CARPENTIER - BUREAU', 'Centre sportif', '81 BOULEVARD MASSENA (BUREAU CENTRE SPORTIF)', '75013', 'PW0103-1', 2, 'Opérationnel', 48.82090327, 2.36844617, 13, '2025-04-11 18:22:55', '2025-04-13 13:28:22'),
(185, 'SQUARE PAUL GRIMAULT', 'Parc', '20 RUE DE LA FONTAINE A MULARD', '75013', 'PW0180', 1, 'Opérationnel', 48.82304358, 2.34877512, 13, '2025-04-11 18:22:55', '2025-04-13 13:28:22'),
(186, 'PARC DE CHOISY', 'Parc', '160 AVENUE DE CHOISY', '75013', 'PW0157', 2, 'Opérationnel', 48.82818582, 2.35862674, 13, '2025-04-11 18:22:55', '2025-04-13 13:28:22'),
(187, 'SQUARE GUSTAVE MESUREUR', 'Parc', '105 RUE JEANNE D ARC', '75013', 'PW0178', 1, 'Opérationnel', 48.83384615, 2.36279190, 13, '2025-04-11 18:22:55', '2025-04-13 13:28:22'),
(188, 'BIBLIOTHEQUE ITALIE', 'Bibliothèque', '213 BOULEVARD VINCENT AURIOL', '75013', 'PW0114', 1, 'Opérationnel', 48.83078681, 2.35675448, 13, '2025-04-11 18:22:55', '2025-04-13 13:28:22'),
(189, 'MAISON DE LA VIE ASSOCIATIVE ET CITOYENNE  13', 'Autre', '11 RUE CAILLAUX', '75013', 'PW0039', 1, 'Opérationnel', 48.82263335, 2.36131811, 13, '2025-04-11 18:22:55', '2025-04-13 13:28:22'),
(190, 'PERMIS DE CONSTRUIRE - USAGER', 'Autre', '6 PLACE LEVI STRAUSS', '75013', 'PW0223', 1, 'Opérationnel', 48.83041831, 2.37528632, 13, '2025-04-11 18:22:55', '2025-04-13 13:28:22'),
(191, 'BIBLIOTHEQUE GLACIERE MARINA TSVETAÏEVA', 'Bibliothèque', '132 RUE DE LA GLACIERE', '75013', 'PW0125', 2, 'Opérationnel', 48.82731805, 2.34199372, 13, '2025-04-11 18:22:55', '2025-04-13 13:28:22'),
(192, 'PARC DE CHOISY', 'Parc', '160 AVENUE DE CHOISY', '75013', 'PW0062', 2, 'Opérationnel', 48.82775099, 2.35959561, 13, '2025-04-11 18:22:55', '2025-04-13 13:28:22'),
(193, 'CENTRE SPORTIF CHARLES MOUREU', 'Centre sportif', '17 AVENUE EDISON', '75013', 'PW0074', 1, 'Opérationnel', 48.82780124, 2.36413466, 13, '2025-04-11 18:22:55', '2025-04-13 13:28:22'),
(194, 'SQUARE DE LA RAFFINERIE SAY', 'Parc', '147 BOULEVARD VINCENT AURIOL', '75013', 'PW0174', 1, 'Opérationnel', 48.83256938, 2.36204340, 13, '2025-04-11 18:22:55', '2025-04-13 13:28:22'),
(195, 'SQUARE RENE LEGALL', 'Parc', '43 RUE CORVISART', '75013', 'PW0069', 1, 'Opérationnel', 48.83220680, 2.34741977, 13, '2025-04-11 18:22:55', '2025-04-13 13:28:22'),
(196, 'MAIRIE DU 13 EME', 'Mairie', '1 PLACE D ITALIE', '75013', 'PW0013', 2, 'Opérationnel', 48.83231441, 2.35531335, 13, '2025-04-11 18:22:55', '2025-04-13 13:28:22'),
(197, 'BIBLIOTHEQUE MELVILLE ET MARGUERITE DURAND', 'Bibliothèque', '79 RUE NATIONALE', '75013', 'PW0221', 3, 'Opérationnel', 48.82678697, 2.36643991, 13, '2025-04-11 18:22:55', '2025-04-13 13:28:22'),
(198, 'CENTRE SPORTIF GEORGES CARPENTIER', 'Centre sportif', '81 BOULEVARD MASSENA', '75013', 'PW0103', 4, 'Opérationnel', 48.82023719, 2.36812515, 13, '2025-04-11 18:22:55', '2025-04-13 13:28:22'),
(199, 'SQUARE FERDINAND BRUNOT', 'Parc', 'PLACE FERDINAND BRUNOT', '75014', 'PW0065', 1, 'Opérationnel', 48.83285116, 2.32676723, 14, '2025-04-11 18:23:19', '2025-04-13 13:28:22'),
(200, 'SQUARE SERMENT DE KOUFRA', 'Parc', '30 AVENUE ERNEST REYER', '75014', 'PW0188', 1, 'Opérationnel', 48.82159345, 2.32303498, 14, '2025-04-11 18:23:19', '2025-04-13 13:28:22'),
(201, 'POINT PARIS EMPLOI', 'Autre', '12 RUE PIERRE CASTAGNOU', '75014', 'PW0195', 1, 'Opérationnel', 48.83252307, 2.32581432, 14, '2025-04-11 18:23:19', '2025-04-13 13:28:22'),
(202, 'PARC MONTSOURIS - GARDE GAZAN', 'Parc', '2 RUE GAZAN', '75014', 'PW0213', 1, 'Opérationnel', 48.82436764, 2.33982556, 14, '2025-04-11 18:23:19', '2025-04-13 13:28:22'),
(203, 'MUSEE DE LA LIBERATION', 'Musée', '4 AVENUE DU COLONEL ROL TANGUY PAVILLON OUEST', '75014', 'PW0201', 7, 'Opérationnel', 48.83399063, 2.33201446, 14, '2025-04-11 18:23:19', '2025-04-13 13:28:22'),
(204, 'MAIRIE DU 14 EME', 'Mairie', '2 PLACE FERDINAND BRUNOT', '75014', 'PW0035', 1, 'Opérationnel', 48.83299728, 2.32685436, 14, '2025-04-11 18:23:19', '2025-04-13 13:28:22'),
(205, 'LES CATACOMBES DE PARIS', 'Autre', '1 TER PLACE DENFERT ROCHEREAU', '75014', 'PW0239', 2, 'Opérationnel', 48.83379546, 2.33236929, 14, '2025-04-11 18:23:19', '2025-04-13 13:28:22'),
(206, 'PARC MONTSOURIS - GARDE COTY', 'Parc', '2 RUE GAZAN', '75014', 'PW0212', 1, 'Opérationnel', 48.82451920, 2.33987237, 14, '2025-04-11 18:23:19', '2025-04-13 13:28:22'),
(207, 'PARC MONTSOURIS - STATION RER', 'Parc', 'BOULEVARD JOURDAN', '75014', 'PW0214', 1, 'Opérationnel', 48.82233107, 2.32949180, 14, '2025-04-11 18:23:19', '2025-04-13 13:28:22'),
(208, 'SQUARE ASPIRANT DUNAND', 'Parc', 'RUE MOUTON DUVERNET', '75014', 'PW0063', 1, 'Opérationnel', 48.83215523, 2.32688454, 14, '2025-04-11 18:23:19', '2025-04-13 13:28:22'),
(209, 'SQUARE JULIA BARTET', 'Parc', '1 RUE JULIA BARTET', '75014', 'PW0183', 1, 'Opérationnel', 48.82568550, 2.30282481, 14, '2025-04-11 18:23:19', '2025-04-13 13:28:22'),
(210, 'GYMNASE ALICE MILLIAT', 'Centre sportif', '11 T RUE D ALESIA', '75014', 'PW0094', 1, 'Opérationnel', 48.82716091, 2.33626384, 14, '2025-04-11 18:23:19', '2025-04-13 13:28:22'),
(211, 'BIBLIOTHEQUE BENOITE GROULT', 'Bibliothèque', '25 RUE DU COMMANDANT RENE MOUCHOTTE', '75014', 'PW0218', 1, 'Opérationnel', 48.83828031, 2.31987511, 14, '2025-04-11 18:23:19', '2025-04-13 13:28:22'),
(212, 'SQUARE CLAUDE NICOLAS LEDOUX', 'Parc', '2 PLACE DENFERT ROCHEREAU', '75014', 'PW0199', 2, 'Opérationnel', 48.83423188, 2.33212852, 14, '2025-04-11 18:23:19', '2025-04-13 13:28:22'),
(213, 'SQUARE DU CHANOINE VIOLLET', 'Parc', '72 RUE DU MOULIN VERT', '75014', 'PW0185', 1, 'Opérationnel', 48.83129620, 2.32009649, 14, '2025-04-11 18:23:19', '2025-04-13 13:28:22'),
(214, 'BIBLIOTHEQUE AIME CESAIRE', 'Bibliothèque', '5 RUE DE RIDDER', '75014', 'PW0053', 3, 'Opérationnel', 48.83123125, 2.31166233, 14, '2025-04-11 18:23:19', '2025-04-13 13:28:22'),
(215, 'BIBLIOTHEQUE BRASSENS', 'Bibliothèque', '38 RUE GASSENDI', '75014', 'PW0054', 2, 'Opérationnel', 48.83376661, 2.32585598, 14, '2025-04-11 18:23:19', '2025-04-13 13:28:22'),
(216, 'MAISON DE LA VIE ASSOCIATIVE ET CITOYENNE  14', 'Autre', '22 RUE DEPARCIEUX', '75014', 'PW0040', 2, 'Opérationnel', 48.83559168, 2.32582139, 14, '2025-04-11 18:23:19', '2025-04-13 13:28:22'),
(217, 'CENTRE SPORTIF CHARLES RIGOULOT', 'Centre sportif', '18 AVENUE DE LA PORTE BRANCION', '75015', 'PW0075', 1, 'Opérationnel', 48.82663359, 2.30041747, 15, '2025-04-11 18:23:32', '2025-04-13 13:28:22'),
(218, 'MAISON DE LA VIE ASSOCIATIVE ET CITOYENNE 15', 'Autre', '22 RUE DE LA SAIDA', '75015', 'PW0031', 5, 'Opérationnel', 48.83183217, 2.29575610, 15, '2025-04-11 18:23:32', '2025-04-13 13:28:22'),
(219, 'CENTRE SPORTIF SUZANNE LENGLEN - ENTREE', 'Centre sportif', '2 RUE LOUIS ARMAND', '75015', 'PW0173-1', 1, 'Opérationnel', 48.83307064, 2.27657636, 15, '2025-04-11 18:23:32', '2025-04-13 13:28:22'),
(220, 'CENTRE SPORTIF PLAINE', 'Centre sportif', '13 RUE DU GENERAL GUILLAUMAT', '75015', 'PW0088', 1, 'Opérationnel', 48.82803317, 2.29332761, 15, '2025-04-11 18:23:32', '2025-04-13 13:28:22'),
(221, 'MAIRIE DU 15 EME', 'Mairie', '31 RUE DE PECLET', '75015', 'PW0014', 8, 'Opérationnel', 48.84151575, 2.29988439, 15, '2025-04-11 18:23:32', '2025-04-13 13:28:22'),
(222, 'MUSEE BOURDELLE', 'Musée', '18 RUE ANTOINE BOURDELLE', '75015', 'PW0241', 14, 'Opérationnel', 48.84308837, 2.31857934, 15, '2025-04-11 18:23:32', '2025-04-13 13:28:22'),
(223, 'BIBLIOTHEQUE GUTENBERG', 'Bibliothèque', '8 RUE DE LA MONTAGNE D AULAS', '75015', 'PW0145', 1, 'Opérationnel', 48.84020761, 2.27870642, 15, '2025-04-11 18:23:32', '2025-04-13 13:28:22'),
(224, 'BIBLIOTHEQUE VAUGIRARD', 'Bibliothèque', '154 RUE LECOURBE', '75015', 'PW0137', 2, 'Opérationnel', 48.84170751, 2.29935032, 15, '2025-04-11 18:23:32', '2025-04-13 13:28:22'),
(225, 'BIBLIOTHEQUE MARGUERITE YOURCENAR', 'Bibliothèque', '41 RUE D ALLERAY', '75015', 'PW0046', 7, 'Opérationnel', 48.83680692, 2.30348080, 15, '2025-04-11 18:23:32', '2025-04-13 13:28:22'),
(226, 'MAISON COMMUNALE', 'Autre', '69 RUE VILOLET', '75015', 'PW0240', 1, 'Opérationnel', 48.84557162, 2.29151247, 15, '2025-04-11 18:23:32', '2025-04-13 13:28:22'),
(227, 'BIBLIOTHEQUE ANDRÉE CHEDID', 'Bibliothèque', '36-40 RUE EMERIAU', '75015', 'PW0117', 3, 'Opérationnel', 48.84974131, 2.28613674, 15, '2025-04-11 18:23:32', '2025-04-13 13:28:22'),
(228, 'CENTRE SPORTIF SUZANNE LENGLEN - STADE DE RUDBY', 'Centre sportif', '2  RUE LOUIS ARMAND', '75015', 'PW0173-2', 1, 'Opérationnel', 48.83288107, 2.27660616, 15, '2025-04-11 18:23:32', '2025-04-13 13:28:22'),
(229, 'PREFOURRIERE BALARD', 'Autre', '1 RUE EMILE HEMINGWAY', '75015', 'PW0228', 1, 'Opérationnel', 48.83759553, 2.27517601, 15, '2025-04-11 18:23:32', '2025-04-13 13:28:22'),
(230, 'CENTRE SPORTIF SUZANNE LENGLEN - TRIBUNE COUR DE TENNIS', 'Centre sportif', '2 RUE LOUIS ARMAND', '75015', 'PW0173', 1, 'Opérationnel', 48.83296467, 2.27683279, 15, '2025-04-11 18:23:32', '2025-04-13 13:28:22'),
(231, 'ESPACE PARISIEN POUR L INSERTION 7 15 16', 'Autre', '14 RUE MOISANT', '75015', 'PW0162', 1, 'Opérationnel', 48.84231012, 2.31720576, 15, '2025-04-11 18:23:32', '2025-04-13 13:28:22'),
(232, 'MUSEE GALLIERA', 'Musée', '10 AVENUE PIERRE 1ER DE SERBIE', '75016', 'PW0229', 20, 'Opérationnel', 48.86591179, 2.29649386, 16, '2025-04-11 18:23:52', '2025-04-13 13:28:22'),
(233, 'PREFOURRIERE FOCH', 'Autre', '8 AVENUE FOCH', '75016', 'PW0230', 1, 'Opérationnel', 48.87381250, 2.29173934, 16, '2025-04-11 18:23:52', '2025-04-13 13:28:22'),
(234, 'CENTRE SPORTIF HENRY DE MONTHERLAND', 'Centre sportif', '30-32 BOULEVARD LANNES', '75016', 'PW0101', 1, 'Opérationnel', 48.86752281, 2.27212085, 16, '2025-04-11 18:23:52', '2025-04-13 13:28:22'),
(235, 'MAISON DE LA VIE ASSOCIATIVE ET CITOYENNE 16', 'Autre', '14-16 AVENUE RENE BOYLESVE', '75016', 'PW0041', 2, 'Opérationnel', 48.85675047, 2.28383673, 16, '2025-04-11 18:23:52', '2025-04-13 13:28:22'),
(236, 'STADE JEAN BOUIN', 'Autre', '26 AVENUE DU GENERAL SARRAIL', '75016', 'PW0107', 5, 'Opérationnel', 48.84392392, 2.25509489, 16, '2025-04-11 18:23:52', '2025-04-13 13:28:22'),
(237, 'JARDIN DU TROCADERO', 'Parc', '1 PLACE DU ONZE NOVEMBRE 1918', '75016', 'PW0175', 1, 'Opérationnel', 48.86093721, 2.28934994, 16, '2025-04-11 18:23:52', '2025-04-13 13:28:22'),
(238, 'BIBLIOTHEQUE GERMAINE TILLION', 'Bibliothèque', '6 RUE DU COMMANDANT SCHLOESING', '75016', 'PW0113', 3, 'Opérationnel', 48.86183638, 2.28427079, 16, '2025-04-11 18:23:52', '2025-04-13 13:28:22'),
(239, 'MUSEE BALZAC', 'Musée', '47 RUE RAYNOUARD', '75016', 'PW0202', 10, 'Opérationnel', 48.85539360, 2.28071772, 16, '2025-04-11 18:23:52', '2025-04-13 13:28:22'),
(240, 'MAIRIE DU 16 EME', 'Mairie', '71 AVENUE HENRI-MARTIN', '75016', 'PW0015', 1, 'Opérationnel', 48.86394077, 2.27665252, 16, '2025-04-11 18:23:52', '2025-04-13 13:28:22'),
(241, 'STADE PIERRE DE COUBERTIN', 'Autre', '82 AVENUE GEORGES LAFONT', '75016', 'PW0108', 4, 'Opérationnel', 48.83549895, 2.25576069, 16, '2025-04-11 18:23:52', '2025-04-13 13:28:22'),
(242, 'BIBLIOTHEQUE MUSSET', 'Bibliothèque', '20 RUE MUSSET', '75016', 'PW0140', 1, 'Opérationnel', 48.84208224, 2.26353970, 16, '2025-04-11 18:23:52', '2025-04-13 13:28:22'),
(243, 'PISCINE AUTEUIL', 'Centre sportif', '1 ROUTE DES LACS A PASSY', '75016', 'PW0102', 1, 'Opérationnel', 48.85815259, 2.26156748, 16, '2025-04-11 18:23:52', '2025-04-13 13:28:22'),
(244, 'MUSEE D ART MODERNE', 'Musée', '11 AVENUE DU PRESIDENT WILSON', '75016', 'PW0211', 11, 'Opérationnel', 48.86471018, 2.29699734, 16, '2025-04-11 18:23:52', '2025-04-13 13:28:22'),
(245, 'BIBLIOTHEQUE BATIGNOLLES', 'Bibliothèque', '18 RUE DES BATIGNOLLES', '75017', 'PW0133', 1, 'Opérationnel', 48.88475451, 2.32212095, 17, '2025-04-11 18:24:05', '2025-04-13 13:28:22'),
(246, 'PISCINE BERNARD LAFAY', 'Centre sportif', '79 RUE DE LA JONQUIERE', '75017', 'PW0100', 1, 'Opérationnel', 48.89464799, 2.31881724, 17, '2025-04-11 18:24:05', '2025-04-13 13:28:22'),
(247, 'BIBLIOTHEQUE EDMOND ROSTAND', 'Bibliothèque', '11 RUE NICOLAS CHUQUET', '75017', 'PW0104', 3, 'Opérationnel', 48.88839436, 2.30308971, 17, '2025-04-11 18:24:05', '2025-04-13 13:28:22'),
(248, 'CENTRE SPORTIF LEON BIANCOTTO', 'Centre sportif', '6 AVENUE DE LA PORTE DE CLICHY', '75017', 'PW0098', 1, 'Opérationnel', 48.89576823, 2.31183048, 17, '2025-04-11 18:24:05', '2025-04-13 13:28:22'),
(249, 'MAISON DE LA VIE ASSOCIATIVE ET CITOYENNE  17', 'Autre', '25 RUE LANTIEZ', '75017', 'PW0042', 1, 'Opérationnel', 48.89503067, 2.32375142, 17, '2025-04-11 18:24:05', '2025-04-13 13:28:22'),
(250, 'MAIRIE DU 17 EME', 'Mairie', '16/20 RUE DES BATIGNOLLES', '75017', 'PW0016', 2, 'Opérationnel', 48.88449377, 2.32183436, 17, '2025-04-11 18:24:05', '2025-04-13 13:28:22'),
(251, 'BIBLIOTHEQUE COLETTE VIVIER', 'Bibliothèque', '6 RUE FOURNEYRON', '75017', 'PW0003', 1, 'Opérationnel', 48.88978334, 2.31964337, 17, '2025-04-11 18:24:05', '2025-04-13 13:28:22'),
(252, 'SQUARE ANDRE ULMANN', 'Parc', '17 BOULEVARD DE REIMS', '75017', 'PW0166', 1, 'Opérationnel', 48.88990040, 2.29894139, 17, '2025-04-11 18:24:05', '2025-04-13 13:28:22'),
(253, 'CENTRE SPORTIF ZAC PAJOL', 'Centre sportif', '22T RUE PAJOL', '75018', 'PW0092', 1, 'Opérationnel', 48.88959480, 2.36306760, 18, '2025-04-11 18:24:23', '2025-04-13 13:28:22'),
(254, 'MAIRIE DU 18 EME', 'Mairie', '1 PLACE JULES JOFFRIN', '75018', 'PW0023', 1, 'Opérationnel', 48.89230356, 2.34468721, 18, '2025-04-11 18:24:23', '2025-04-13 13:28:22'),
(255, 'ESPACE GLISSE DES FILLETTES', 'Autre', '54 BOULEVARD NEY', '75018', 'PW0093', 1, 'Opérationnel', 48.89875981, 2.36350694, 18, '2025-04-11 18:24:23', '2025-04-13 13:28:22'),
(256, 'BIBLIOTHEQUE ROBERT SABATIER', 'Bibliothèque', '29 RUE HERMEL', '75018', 'PW0236', 5, 'Opérationnel', 48.89153632, 2.34443632, 18, '2025-04-11 18:24:23', '2025-04-13 13:28:22'),
(257, 'MAISON DE LA VIE ASSOCIATIVE ET CITOYENNE 18', 'Autre', '15 PASSAGE RAMEY', '75018', 'PW0032', 3, 'Opérationnel', 48.89006908, 2.34733550, 18, '2025-04-11 18:24:23', '2025-04-13 13:28:22'),
(258, 'KIOSQUE CITOYEN 18', 'Autre', 'FACE AU 133 RUE BELLIARD', '75018', 'PW0249', 1, 'Opérationnel', 48.89635773, 2.33466015, 18, '2025-04-11 18:24:23', '2025-04-13 13:28:22'),
(259, 'JARDIN D EOLE - 1', 'Parc', '18B RUE DU DEPARTEMENT', '75018', 'PW0170', 2, 'Opérationnel', 48.88645057, 2.36547580, 18, '2025-04-11 18:24:23', '2025-04-13 13:28:22'),
(260, 'CENTRE SPORTIF BERTRAND DAUVIN', 'Centre sportif', '12 RUE RENE BINET', '75018', 'PW0089', 1, 'Opérationnel', 48.89948664, 2.34205410, 18, '2025-04-11 18:24:23', '2025-04-13 13:28:22'),
(261, 'BIBLIOTHEQUE JACQUELINE DE ROMILLY', 'Bibliothèque', '16-30 AVENUE DE LA PORTE MONTMARTRE', '75018', 'PW0198', 2, 'Opérationnel', 48.90037987, 2.33587350, 18, '2025-04-11 18:24:23', '2025-04-13 13:28:22'),
(262, 'BIBLIOTHEQUE GOUTTE D OR', 'Bibliothèque', '2-4 RUE FLEURY', '75018', 'PW0006', 4, 'Opérationnel', 48.88446313, 2.35414160, 18, '2025-04-11 18:24:23', '2025-04-13 13:28:22'),
(263, 'JARDIN D EOLE - 2', 'Parc', '18B RUE DU DEPARTEMENT', '75018', 'PW0170-1', 2, 'Opérationnel', 48.88583365, 2.36504783, 18, '2025-04-11 18:24:23', '2025-04-13 13:28:22'),
(264, 'BIBLIOTHEQUE VACLAV HAVEL', 'Bibliothèque', '26B RUE PAJOL', '75018', 'PW0009', 4, 'Opérationnel', 48.89010615, 2.36320997, 18, '2025-04-11 18:24:23', '2025-04-13 13:28:22'),
(265, 'CENTRE SPORTIF POISSONNIERS', 'Centre sportif', '2 RUE JEAN COCTEAU', '75018', 'PW0091', 1, 'Opérationnel', 48.89968593, 2.35199198, 18, '2025-04-11 18:24:23', '2025-04-13 13:28:22'),
(266, 'BIBLIOTHEQUE MAURICE GENEVOIX', 'Bibliothèque', '19 RUE TRISTAN TZARA', '75018', 'PW0007', 1, 'Opérationnel', 48.89496459, 2.36390071, 18, '2025-04-11 18:24:23', '2025-04-13 13:28:22'),
(267, 'PARC DES BUTTES CHAUMONT - BOLIVAR', 'Parc', '1 RUE BOTZARIS', '75019', 'PW0159-1', 1, 'Opérationnel', 48.87647305, 2.38101742, 19, '2025-04-11 18:24:40', '2025-04-13 13:28:22'),
(268, 'SQUARE DE LA MARSEILLAISE', 'Parc', '1B RUE DE LA MARSEILLAISE', '75019', 'PW0064', 1, 'Opérationnel', 48.88728684, 2.39806224, 19, '2025-04-11 18:24:40', '2025-04-13 13:28:22'),
(269, 'ARCHIVES DE PARIS', 'Autre', '18 BOULEVARD SERURIER', '75019', 'PW0246', 1, 'Opérationnel', 48.87803822, 2.40580812, 19, '2025-04-11 18:24:40', '2025-04-13 13:28:22'),
(270, 'BIBLIOTHEQUE CLAUDE LEVI STRAUSS', 'Bibliothèque', '35-45 AVENUE DE FLANDRE', '75019', 'PW0002', 2, 'Opérationnel', 48.88676697, 2.37147305, 19, '2025-04-11 18:24:40', '2025-04-13 13:28:22'),
(271, 'BIBLIOTHEQUE BENJAMIN RABIER', 'Bibliothèque', '141 AVENUE DE FLANDRE', '75019', 'PW0001', 2, 'Opérationnel', 48.89276109, 2.37912284, 19, '2025-04-11 18:24:40', '2025-04-13 13:28:22'),
(272, 'PARC DES BUTTES CHAUMONT - VILLETTE', 'Parc', '1 RUE BOTZARIS', '75019', 'PW0159', 1, 'Opérationnel', 48.87968175, 2.38832764, 19, '2025-04-11 18:24:40', '2025-04-13 13:28:22'),
(273, 'PARC DES BUTTES CHAUMONT - CARREL', 'Parc', '4 PLACE ARMAND CARREL', '75019', 'PW0182', 2, 'Opérationnel', 48.88279406, 2.38270543, 19, '2025-04-11 18:24:40', '2025-04-13 13:28:22'),
(274, 'MAISON DE LA VIE ASSOCIATIVE ET CITOYENNE  19', 'Autre', '20 RUE EDOUARD PAILLERON', '75019', 'PW0033', 1, 'Opérationnel', 48.88040615, 2.37654511, 19, '2025-04-11 18:24:40', '2025-04-13 13:28:22'),
(275, 'BIBLIOTHEQUE PLACE DES FETES', 'Bibliothèque', '18 RUE JANSSEN', '75019', 'PW0008', 3, 'Opérationnel', 48.87936484, 2.39763758, 19, '2025-04-11 18:24:40', '2025-04-13 13:28:22'),
(276, 'MAIRIE DU 19 EME', 'Mairie', '5 PLACE ARMAND CARREL', '75019', 'PW0017', 1, 'Opérationnel', 48.88279458, 2.38191797, 19, '2025-04-11 18:24:40', '2025-04-13 13:28:22'),
(277, 'SQUARE CLAUDE BERNARD', 'Parc', '176 BOULEVARD MACDONALD', '75019', 'PW0209', 1, 'Opérationnel', 48.89829589, 2.38158353, 19, '2025-04-11 18:24:40', '2025-04-13 13:28:22'),
(278, 'CENTRE SPORTIF DES LILAS', 'Centre sportif', '5 RUE DES LILAS', '75019', 'PW0081', 1, 'Opérationnel', 48.87790680, 2.39542127, 19, '2025-04-11 18:24:40', '2025-04-13 13:28:22'),
(279, 'CAPLA PLACE DES FETES', 'Autre', 'PLACE DES FETES', '75019', 'PW0242', 1, 'Opérationnel', 48.87680703, 2.39380458, 19, '2025-04-11 18:24:40', '2025-04-13 13:28:22'),
(280, 'SQUARE MARCEL MOULOUDJI', 'Parc', '2 RUE PIERRE REVERDY', '75019', 'PW0167', 1, 'Opérationnel', 48.88527540, 2.37635419, 19, '2025-04-11 18:24:40', '2025-04-13 13:28:22'),
(281, 'CENTRE SPORTIF JULES LADOUMEGUE', 'Centre sportif', '37 ROUTE DES PETITS PONTS', '75019', 'PW0083', 1, 'Opérationnel', 48.89300518, 2.39778751, 19, '2025-04-11 18:24:40', '2025-04-13 13:28:22'),
(282, 'BIBLIOTHEQUE FESSART', 'Bibliothèque', '6 RUE FESSART', '75019', 'PW0005', 1, 'Opérationnel', 48.87626878, 2.38818423, 19, '2025-04-11 18:24:40', '2025-04-13 13:28:22'),
(283, 'EPI FLANDRE', 'Autre', '114 AVENUE DE FLANDRE', '75019', 'PW0234', 1, 'Opérationnel', 48.89195372, 2.37891803, 19, '2025-04-11 18:24:40', '2025-04-13 13:28:22'),
(284, 'BIBLIOTHEQUE HERGE', 'Bibliothèque', '2 RUE DU DEPARTEMENT', '75019', 'PW0139', 1, 'Opérationnel', 48.88501363, 2.36723501, 19, '2025-04-11 18:24:40', '2025-04-13 13:28:22'),
(285, 'PREFOURRIERE PANTIN', 'Autre', '15 RUE DE LA MARSEILLAISE', '75019', 'PW0231', 1, 'Opérationnel', 48.88861652, 2.39802091, 19, '2025-04-11 18:24:40', '2025-04-13 13:28:22'),
(286, 'PARC DES BUTTES CHAUMONT - FESSARD', 'Parc', '3 RUE BOTZARIS', '75019', 'PW0159-2', 3, 'Opérationnel', 48.87794903, 2.38109010, 19, '2025-04-11 18:24:40', '2025-04-13 13:28:22'),
(287, 'BIBLIOTHEQUE CRIMEE', 'Bibliothèque', '42-44 RUE PETIT', '75019', 'PW0004', 1, 'Opérationnel', 48.88488202, 2.38305019, 19, '2025-04-11 18:24:40', '2025-04-13 13:28:22'),
(288, 'BASE NAUTIQUE DE LA VILLETTE', 'Centre sportif', '41 QUAI DE LA LOIRE', '75019', 'PW0078', 1, 'Opérationnel', 48.88752363, 2.37889159, 19, '2025-04-11 18:24:40', '2025-04-13 13:28:22'),
(289, 'BIBLIOTHEQUE SORBIER', 'Bibliothèque', '17 RUE SORBIER', '75020', 'PW0129', 2, 'Opérationnel', 48.86596158, 2.39285197, 20, '2025-04-11 18:24:54', '2025-04-13 13:28:22'),
(290, 'MAIRIE DU 20 EME', 'Mairie', '6 PLACE GAMBETTA', '75020', 'PW0018', 4, 'Opérationnel', 48.86509114, 2.39899770, 20, '2025-04-11 18:24:54', '2025-04-13 13:28:22'),
(291, 'PARC DE BELLEVILLE - 1', 'Parc', '45 RUE DES COURONNES', '75020', 'PW0057', 1, 'Opérationnel', 48.87059046, 2.38423775, 20, '2025-04-11 18:24:54', '2025-04-13 13:28:22'),
(292, 'CENTRE SPORTIF PYRENEES', 'Centre sportif', '296 RUE DES PYRENEES', '75020', 'PW0072', 1, 'Opérationnel', 48.87195337, 2.39230250, 20, '2025-04-11 18:24:54', '2025-04-13 13:28:22'),
(293, 'CENTRE SPORTIF ALFRED NAKACHE', 'Centre sportif', '4/12 RUE DENOYEZ', '75020', 'PW0071', 1, 'Opérationnel', 48.87148306, 2.37867704, 20, '2025-04-11 18:24:54', '2025-04-13 13:28:22'),
(294, 'PARC DE BELLEVILLE (PARIS NATURE MAISON DE L\'AIR)', 'Parc', '27 RUE PIAT', '75020', 'PW0168', 1, 'Fermé pour travaux', 48.87160515, 2.38492475, 20, '2025-04-11 18:24:54', '2025-04-13 13:28:22'),
(295, 'SQUARE BELLEVILLE', 'Parc', '45-47 RUE DES COURONNES', '75020', 'PW0204', 1, 'Opérationnel', 48.87030888, 2.38480663, 20, '2025-04-11 18:24:54', '2025-04-13 13:28:22'),
(296, 'CENTRE SPORTIF LOUIS LUMIERE', 'Centre sportif', '30 RUE LOUIS LUMIERE', '75020', 'PW0105', 1, 'Opérationnel', 48.85919821, 2.41164568, 20, '2025-04-11 18:24:54', '2025-04-13 13:28:22'),
(297, 'GYMNASE PAUL MEURICE', 'Centre sportif', '1 RUE PAUL MEURICE', '75020', 'PW0085', 1, 'Opérationnel', 48.87402650, 2.41213768, 20, '2025-04-11 18:24:54', '2025-04-13 13:28:22'),
(298, 'BIBLIOTHEQUE LOUISE MICHEL', 'Bibliothèque', '29/35 RUE DES HAIES', '75020', 'PW0130', 2, 'Opérationnel', 48.85329555, 2.40121279, 20, '2025-04-11 18:24:54', '2025-04-13 13:28:22'),
(299, 'BIBLIOTHEQUE ASSIA DJEBARD', 'Bibliothèque', '1 RUE REYNALDO HAHN', '75020', 'PW0144', 6, 'Opérationnel', 48.84923400, 2.41209816, 20, '2025-04-11 18:24:54', '2025-04-13 13:28:22'),
(300, 'MAISON DE LA VIE ASSOCIATIVE ET CITOYENNE 20', 'Autre', '18 RUE RAMUS', '75020', 'PW0187', 2, 'Opérationnel', 48.86270433, 2.39878906, 20, '2025-04-11 18:24:54', '2025-04-13 13:28:22'),
(301, 'GYMNASE VIGNOLES EST', 'Centre sportif', '83-91 RUE DES HAIES', '75020', 'PW0073', 1, 'Opérationnel', 48.85524050, 2.40390289, 20, '2025-04-11 18:24:54', '2025-04-13 13:28:22');
INSERT INTO `wifi_spots` (`id`, `site_name`, `site_type`, `address`, `postal_code`, `site_code`, `num_bornes`, `status`, `latitude`, `longitude`, `arrondissement`, `created_at`, `updated_at`) VALUES
(302, 'BIBLIOTHEQUE NAGUIB MAHFOUZ', 'Bibliothèque', '66 RUE DES COURONNES', '75020', 'PW0048', 1, 'Opérationnel', 48.87016256, 2.38521983, 20, '2025-04-11 18:24:54', '2025-04-13 13:28:22'),
(303, 'JARDIN GARE DE CHARONNE', 'Parc', '59 BOULEVARD DAVOUT', '75020', 'PW0055', 1, 'Opérationnel', 48.85231215, 2.41056064, 20, '2025-04-11 18:24:54', '2025-04-13 13:28:22'),
(304, 'BIBLIOTHEQUE OSCAR WILDE', 'Bibliothèque', '12 RUE DU TELEGRAPHE', '75020', 'PW0061', 1, 'Opérationnel', 48.87202611, 2.39981629, 20, '2025-04-11 18:24:54', '2025-04-13 13:28:22'),
(305, 'BIBLIOTHEQUE MARGUERITE DURAS', 'Bibliothèque', '109-115 RUE DE BAGNOLET', '75020', 'PW0045', 12, 'Opérationnel', 48.85983877, 2.40322700, 20, '2025-04-11 18:24:54', '2025-04-13 13:28:22'),
(306, 'PREFOURRIERE POUCHET 2', 'Autre', '1BIS BOULEVARD DU GENERAL LECLERC CLICHY SUR SEINE', '92100', 'PW0226', 1, 'Opérationnel', 48.89969693, 2.31836497, 92, '2025-04-11 18:24:54', '2025-04-13 13:28:22'),
(307, 'FOURRIERE LA COURNEUVE', 'Autre', '92 RUE MERMOZ LA COURNEUVE', '93120', NULL, 1, 'En étude', 48.93254697, 2.40874563, 93, '2025-04-11 18:24:54', '2025-04-13 13:28:22'),
(308, 'FOURRIERE BONNEUIL', 'Autre', '11 RUE DES CHAMPS BONNEUIL SUR MARNE', '94380', 'PW0245', 1, 'Opérationnel', 48.76286105, 2.49947839, 94, '2025-04-11 18:24:54', '2025-04-13 13:28:22');

--
-- Index pour les tables déchargées
--

--
-- Index pour la table `activity_logs`
--
ALTER TABLE `activity_logs`
  ADD PRIMARY KEY (`id`),
  ADD KEY `user_id` (`user_id`);

--
-- Index pour la table `favorites`
--
ALTER TABLE `favorites`
  ADD PRIMARY KEY (`id`),
  ADD UNIQUE KEY `unique_favorite` (`user_id`,`spot_id`),
  ADD KEY `spot_id` (`spot_id`);

--
-- Index pour la table `users`
--
ALTER TABLE `users`
  ADD PRIMARY KEY (`id`),
  ADD UNIQUE KEY `username` (`username`),
  ADD UNIQUE KEY `email` (`email`);

--
-- Index pour la table `wifi_spots`
--
ALTER TABLE `wifi_spots`
  ADD PRIMARY KEY (`id`),
  ADD UNIQUE KEY `site_code` (`site_code`),
  ADD KEY `idx_location` (`latitude`,`longitude`),
  ADD KEY `idx_arrondissement` (`arrondissement`);

--
-- AUTO_INCREMENT pour les tables déchargées
--

--
-- AUTO_INCREMENT pour la table `activity_logs`
--
ALTER TABLE `activity_logs`
  MODIFY `id` int NOT NULL AUTO_INCREMENT, AUTO_INCREMENT=524;

--
-- AUTO_INCREMENT pour la table `favorites`
--
ALTER TABLE `favorites`
  MODIFY `id` int NOT NULL AUTO_INCREMENT, AUTO_INCREMENT=192;

--
-- AUTO_INCREMENT pour la table `users`
--
ALTER TABLE `users`
  MODIFY `id` int NOT NULL AUTO_INCREMENT, AUTO_INCREMENT=3;

--
-- AUTO_INCREMENT pour la table `wifi_spots`
--
ALTER TABLE `wifi_spots`
  MODIFY `id` int NOT NULL AUTO_INCREMENT, AUTO_INCREMENT=309;

--
-- Contraintes pour les tables déchargées
--

--
-- Contraintes pour la table `activity_logs`
--
ALTER TABLE `activity_logs`
  ADD CONSTRAINT `activity_logs_ibfk_1` FOREIGN KEY (`user_id`) REFERENCES `users` (`id`) ON DELETE SET NULL;

--
-- Contraintes pour la table `favorites`
--
ALTER TABLE `favorites`
  ADD CONSTRAINT `favorites_ibfk_1` FOREIGN KEY (`user_id`) REFERENCES `users` (`id`) ON DELETE CASCADE,
  ADD CONSTRAINT `favorites_ibfk_2` FOREIGN KEY (`spot_id`) REFERENCES `wifi_spots` (`id`) ON DELETE CASCADE;
COMMIT;

/*!40101 SET CHARACTER_SET_CLIENT=@OLD_CHARACTER_SET_CLIENT */;
/*!40101 SET CHARACTER_SET_RESULTS=@OLD_CHARACTER_SET_RESULTS */;
/*!40101 SET COLLATION_CONNECTION=@OLD_COLLATION_CONNECTION */;
